DateTime,sum,mean,count,hour,minute
2011-12-06 13:00:00,0.105,0.105,1,13,0
2011-12-06 13:30:00,0.134,0.134,1,13,30
2011-12-06 14:00:00,0.141,0.141,1,14,0
2011-12-06 14:30:00,0.13,0.13,1,14,30
2011-12-06 15:00:00,0.149,0.149,1,15,0
2011-12-06 15:30:00,0.131,0.131,1,15,30
2011-12-06 16:00:00,0.133,0.133,1,16,0
2011-12-06 16:30:00,0.148,0.148,1,16,30
2011-12-06 17:00:00,0.128,0.128,1,17,0
2011-12-06 17:30:00,0.128,0.128,1,17,30
2011-12-06 18:00:00,0.151,0.151,1,18,0
2011-12-06 18:30:00,0.257,0.257,1,18,30
2011-12-06 19:00:00,0.135,0.135,1,19,0
2011-12-06 19:30:00,0.139,0.139,1,19,30
2011-12-06 20:00:00,0.199,0.199,1,20,0
2011-12-06 20:30:00,0.148,0.148,1,20,30
2011-12-06 21:00:00,0.126,0.126,1,21,0
2011-12-06 21:30:00,0.146,0.146,1,21,30
2011-12-06 22:00:00,0.129,0.129,1,22,0
2011-12-06 22:30:00,0.112,0.112,1,22,30
2011-12-06 23:00:00,0.056,0.056,1,23,0
2011-12-06 23:30:00,0.022,0.022,1,23,30
2011-12-07 00:00:00,0.023,0.023,1,0,0
2011-12-07 00:30:00,0.042,0.042,1,0,30
2011-12-07 01:00:00,0.023,0.023,1,1,0
2011-12-07 01:30:00,0.032,0.032,1,1,30
2011-12-07 02:00:00,0.035,0.035,1,2,0
2011-12-07 02:30:00,0.021,0.021,1,2,30
2011-12-07 03:00:00,0.043,0.043,1,3,0
2011-12-07 03:30:00,0.034,0.034,1,3,30
2011-12-07 04:00:00,0.022,0.022,1,4,0
2011-12-07 04:30:00,0.037,0.037,1,4,30
2011-12-07 05:00:00,0.028,0.028,1,5,0
2011-12-07 05:30:00,0.022,0.022,1,5,30
2011-12-07 06:00:00,0.046,0.046,1,6,0
2011-12-07 06:30:00,0.07,0.07,1,6,30
2011-12-07 07:00:00,0.059,0.059,1,7,0
2011-12-07 07:30:00,0.086,0.086,1,7,30
2011-12-07 08:00:00,0.218,0.218,1,8,0
2011-12-07 08:30:00,0.154,0.154,1,8,30
2011-12-07 09:00:00,0.194,0.194,1,9,0
2011-12-07 09:30:00,0.752,0.25066666666666665,3,9,30
2011-12-07 10:00:00,1.292,0.2584,5,10,0
2011-12-07 10:30:00,1.751,0.29183333333333333,6,10,30
2011-12-07 11:00:00,3.87,0.43,9,11,0
2011-12-07 11:30:00,4.054,0.3118461538461539,13,11,30
2011-12-07 12:00:00,3.942,0.30323076923076925,13,12,0
2011-12-07 12:30:00,3.654,0.261,14,12,30
2011-12-07 13:00:00,5.571,0.3277058823529412,17,13,0
2011-12-07 13:30:00,5.432,0.3195294117647059,17,13,30
2011-12-07 14:00:00,5.51,0.3241176470588235,17,14,0
2011-12-07 14:30:00,4.797,0.28217647058823525,17,14,30
2011-12-07 15:00:00,5.3249999,0.2802631526315789,19,15,0
2011-12-07 15:30:00,6.518,0.34305263157894733,19,15,30
2011-12-07 16:00:00,4.273000000000001,0.21365000000000003,20,16,0
2011-12-07 16:30:00,4.368,0.2184,20,16,30
2011-12-07 17:00:00,4.734,0.2367,20,17,0
2011-12-07 17:30:00,6.062,0.30310000000000004,20,17,30
2011-12-07 18:00:00,6.816,0.3408,20,18,0
2011-12-07 18:30:00,5.537,0.27685,20,18,30
2011-12-07 19:00:00,4.769,0.23845,20,19,0
2011-12-07 19:30:00,5.231,0.26155,20,19,30
2011-12-07 20:00:00,6.166,0.3083,20,20,0
2011-12-07 20:30:00,5.9979999,0.299899995,20,20,30
2011-12-07 21:00:00,6.941,0.34704999999999997,20,21,0
2011-12-07 21:30:00,5.976,0.2988,20,21,30
2011-12-07 22:00:00,6.144,0.30720000000000003,20,22,0
2011-12-07 22:30:00,5.55,0.27749999999999997,20,22,30
2011-12-07 23:00:00,5.9030000000000005,0.29515,20,23,0
2011-12-07 23:30:00,5.0489999999999995,0.25244999999999995,20,23,30
2011-12-08 00:00:00,3.5420000000000003,0.1771,20,0,0
2011-12-08 00:30:00,6.73,0.3365,20,0,30
2011-12-08 01:00:00,6.8850001,0.344250005,20,1,0
2011-12-08 01:30:00,5.3930001,0.269650005,20,1,30
2011-12-08 02:00:00,4.3060001,0.21530000500000002,20,2,0
2011-12-08 02:30:00,4.9620001,0.248100005,20,2,30
2011-12-08 03:00:00,4.431,0.22155,20,3,0
2011-12-08 03:30:00,4.128,0.2064,20,3,30
2011-12-08 04:00:00,4.5139999,0.225699995,20,4,0
2011-12-08 04:30:00,3.3109999,0.165549995,20,4,30
2011-12-08 05:00:00,3.066,0.1533,20,5,0
2011-12-08 05:30:00,3.287,0.16435,20,5,30
2011-12-08 06:00:00,1.7229999999999999,0.08614999999999999,20,6,0
2011-12-08 06:30:00,2.936,0.14679999999999999,20,6,30
2011-12-08 07:00:00,2.574,0.12869999999999998,20,7,0
2011-12-08 07:30:00,3.537,0.17685,20,7,30
2011-12-08 08:00:00,4.238,0.21190000000000003,20,8,0
2011-12-08 08:30:00,4.64,0.23199999999999998,20,8,30
2011-12-08 09:00:00,5.188,0.25939999999999996,20,9,0
2011-12-08 09:30:00,4.723,0.23615,20,9,30
2011-12-08 10:00:00,4.468,0.2234,20,10,0
2011-12-08 10:30:00,3.5869999999999997,0.17934999999999998,20,10,30
2011-12-08 11:00:00,3.959,0.19795000000000001,20,11,0
2011-12-08 11:30:00,5.2,0.26,20,11,30
2011-12-08 12:00:00,6.653,0.33265,20,12,0
2011-12-08 12:30:00,4.725,0.23625,20,12,30
2011-12-08 13:00:00,6.821,0.34104999999999996,20,13,0
2011-12-08 13:30:00,6.048,0.3024,20,13,30
2011-12-08 14:00:00,6.522,0.3261,20,14,0
2011-12-08 14:30:00,6.784,0.3392,20,14,30
2011-12-08 15:00:00,4.955,0.24775,20,15,0
2011-12-08 15:30:00,5.679,0.28395000000000004,20,15,30
2011-12-08 16:00:00,7.339,0.36695,20,16,0
2011-12-08 16:30:00,6.229,0.31145,20,16,30
2011-12-08 17:00:00,5.991,0.29955,20,17,0
2011-12-08 17:30:00,5.773000000000001,0.28865,20,17,30
2011-12-08 18:00:00,5.430000000000001,0.2715,20,18,0
2011-12-08 18:30:00,6.225,0.31124999999999997,20,18,30
2011-12-08 19:00:00,5.817,0.29085,20,19,0
2011-12-08 19:30:00,8.6989999,0.43494999500000003,20,19,30
2011-12-08 20:00:00,6.7219999999999995,0.33609999999999995,20,20,0
2011-12-08 20:30:00,6.9139999,0.34569999500000004,20,20,30
2011-12-08 21:00:00,5.913,0.29565,20,21,0
2011-12-08 21:30:00,6.3950001,0.319750005,20,21,30
2011-12-08 22:00:00,5.902,0.29510000000000003,20,22,0
2011-12-08 22:30:00,5.391,0.26955,20,22,30
2011-12-08 23:00:00,4.868,0.2434,20,23,0
2011-12-08 23:30:00,5.696,0.2848,20,23,30
2011-12-09 00:00:00,5.1770000000000005,0.25885,20,0,0
2011-12-09 00:30:00,8.4800001,0.424000005,20,0,30
2011-12-09 01:00:00,6.6329997999999994,0.33164998999999995,20,1,0
2011-12-09 01:30:00,5.157,0.25785,20,1,30
2011-12-09 02:00:00,5.0110001,0.250550005,20,2,0
2011-12-09 02:30:00,4.928,0.2464,20,2,30
2011-12-09 03:00:00,4.244,0.2122,20,3,0
2011-12-09 03:30:00,4.202,0.2101,20,3,30
2011-12-09 04:00:00,2.8090001,0.140450005,20,4,0
2011-12-09 04:30:00,3.6599999999999997,0.183,20,4,30
2011-12-09 05:00:00,3.4180001,0.170900005,20,5,0
2011-12-09 05:30:00,2.9779999999999998,0.14889999999999998,20,5,30
2011-12-09 06:00:00,2.112,0.1056,20,6,0
2011-12-09 06:30:00,2.8289999999999997,0.14145,20,6,30
2011-12-09 07:00:00,2.679,0.13394999999999999,20,7,0
2011-12-09 07:30:00,3.075,0.15375,20,7,30
2011-12-09 08:00:00,4.128,0.2064,20,8,0
2011-12-09 08:30:00,5.072,0.2536,20,8,30
2011-12-09 09:00:00,4.132,0.20659999999999998,20,9,0
2011-12-09 09:30:00,4.19,0.20950000000000002,20,9,30
2011-12-09 10:00:00,4.593,0.22965,20,10,0
2011-12-09 10:30:00,5.873,0.29365,20,10,30
2011-12-09 11:00:00,4.508,0.2254,20,11,0
2011-12-09 11:30:00,4.135,0.20675,20,11,30
2011-12-09 12:00:00,5.64,0.282,20,12,0
2011-12-09 12:30:00,6.4229999,0.32114999499999997,20,12,30
2011-12-09 13:00:00,4.33,0.2165,20,13,0
2011-12-09 13:30:00,3.625,0.18125,20,13,30
2011-12-09 14:00:00,4.883,0.24415,20,14,0
2011-12-09 14:30:00,3.645,0.18225,20,14,30
2011-12-09 15:00:00,3.8409999999999997,0.19205,20,15,0
2011-12-09 15:30:00,4.312,0.2156,20,15,30
2011-12-09 16:00:00,3.7560000000000002,0.18780000000000002,20,16,0
2011-12-09 16:30:00,3.4730000000000003,0.17365000000000003,20,16,30
2011-12-09 17:00:00,3.7359999999999998,0.1868,20,17,0
2011-12-09 17:30:00,5.7219999,0.286099995,20,17,30
2011-12-09 18:00:00,4.585,0.22925,20,18,0
2011-12-09 18:30:00,5.064,0.2532,20,18,30
2011-12-09 19:00:00,5.282,0.2641,20,19,0
2011-12-09 19:30:00,4.889,0.24445,20,19,30
2011-12-09 20:00:00,5.724,0.2862,20,20,0
2011-12-09 20:30:00,5.506,0.2753,20,20,30
2011-12-09 21:00:00,4.398,0.21989999999999998,20,21,0
2011-12-09 21:30:00,4.873,0.24365,20,21,30
2011-12-09 22:00:00,5.054,0.25270000000000004,20,22,0
2011-12-09 22:30:00,5.023,0.25115,20,22,30
2011-12-09 23:00:00,4.595,0.22974999999999998,20,23,0
2011-12-09 23:30:00,3.942,0.1971,20,23,30
2011-12-10 00:00:00,3.6510000000000002,0.18255000000000002,20,0,0
2011-12-10 00:30:00,8.408999999999999,0.42044999999999993,20,0,30
2011-12-10 01:00:00,6.5299998,0.32649998999999996,20,1,0
2011-12-10 01:30:00,5.413,0.27065,20,1,30
2011-12-10 02:00:00,4.7969999,0.239849995,20,2,0
2011-12-10 02:30:00,4.479,0.22395,20,2,30
2011-12-10 03:00:00,4.362,0.21810000000000002,20,3,0
2011-12-10 03:30:00,4.251,0.21255000000000002,20,3,30
2011-12-10 04:00:00,3.421,0.17104999999999998,20,4,0
2011-12-10 04:30:00,3.176,0.1588,20,4,30
2011-12-10 05:00:00,3.8370001,0.191850005,20,5,0
2011-12-10 05:30:00,2.964,0.1482,20,5,30
2011-12-10 06:00:00,2.093,0.10464999999999999,20,6,0
2011-12-10 06:30:00,2.251,0.11255,20,6,30
2011-12-10 07:00:00,2.59,0.1295,20,7,0
2011-12-10 07:30:00,3.0420000000000003,0.1521,20,7,30
2011-12-10 08:00:00,3.537,0.17685,20,8,0
2011-12-10 08:30:00,3.379,0.16895,20,8,30
2011-12-10 09:00:00,3.843,0.19215,20,9,0
2011-12-10 09:30:00,3.8080000000000003,0.1904,20,9,30
2011-12-10 10:00:00,3.543,0.17715,20,10,0
2011-12-10 10:30:00,3.37,0.1685,20,10,30
2011-12-10 11:00:00,4.103,0.20515,20,11,0
2011-12-10 11:30:00,5.057,0.25285,20,11,30
2011-12-10 12:00:00,5.0260001,0.251300005,20,12,0
2011-12-10 12:30:00,4.763,0.23815,20,12,30
2011-12-10 13:00:00,7.232,0.36160000000000003,20,13,0
2011-12-10 13:30:00,6.656,0.3328,20,13,30
2011-12-10 14:00:00,5.117,0.25585,20,14,0
2011-12-10 14:30:00,8.213,0.41064999999999996,20,14,30
2011-12-10 15:00:00,6.288,0.3144,20,15,0
2011-12-10 15:30:00,6.49,0.3245,20,15,30
2011-12-10 16:00:00,5.626,0.2813,20,16,0
2011-12-10 16:30:00,4.885,0.24425,20,16,30
2011-12-10 17:00:00,5.235,0.26175000000000004,20,17,0
2011-12-10 17:30:00,6.7780000000000005,0.33890000000000003,20,17,30
2011-12-10 18:00:00,8.031,0.40155,20,18,0
2011-12-10 18:30:00,8.047,0.40235000000000004,20,18,30
2011-12-10 19:00:00,6.925,0.34625,20,19,0
2011-12-10 19:30:00,6.4589999,0.322949995,20,19,30
2011-12-10 20:00:00,7.398,0.3699,20,20,0
2011-12-10 20:30:00,6.468,0.3234,20,20,30
2011-12-10 21:00:00,5.5440000000000005,0.2772,20,21,0
2011-12-10 21:30:00,5.547,0.27735,20,21,30
2011-12-10 22:00:00,6.497,0.32484999999999997,20,22,0
2011-12-10 22:30:00,6.111,0.30555,20,22,30
2011-12-10 23:00:00,5.442,0.2721,20,23,0
2011-12-10 23:30:00,5.484,0.2742,20,23,30
2011-12-11 00:00:00,4.358,0.21789999999999998,20,0,0
2011-12-11 00:30:00,8.757,0.43784999999999996,20,0,30
2011-12-11 01:00:00,8.269,0.41345,20,1,0
2011-12-11 01:30:00,6.3790000000000004,0.31895,20,1,30
2011-12-11 02:00:00,5.36,0.268,20,2,0
2011-12-11 02:30:00,5.247,0.26234999999999997,20,2,30
2011-12-11 03:00:00,4.404,0.2202,20,3,0
2011-12-11 03:30:00,4.363000100000001,0.21815000500000004,20,3,30
2011-12-11 04:00:00,3.84,0.192,20,4,0
2011-12-11 04:30:00,3.59,0.1795,20,4,30
2011-12-11 05:00:00,3.452,0.1726,20,5,0
2011-12-11 05:30:00,2.511,0.12555,20,5,30
2011-12-11 06:00:00,3.9049999000000004,0.195249995,20,6,0
2011-12-11 06:30:00,3.7530001,0.187650005,20,6,30
2011-12-11 07:00:00,3.142,0.1571,20,7,0
2011-12-11 07:30:00,2.798,0.1399,20,7,30
2011-12-11 08:00:00,3.546,0.17729999999999999,20,8,0
2011-12-11 08:30:00,3.702,0.1851,20,8,30
2011-12-11 09:00:00,4.232,0.2116,20,9,0
2011-12-11 09:30:00,4.489,0.22444999999999998,20,9,30
2011-12-11 10:00:00,4.58,0.229,20,10,0
2011-12-11 10:30:00,3.746,0.1873,20,10,30
2011-12-11 11:00:00,3.8160000000000003,0.19080000000000003,20,11,0
2011-12-11 11:30:00,4.13,0.2065,20,11,30
2011-12-11 12:00:00,4.763,0.23815,20,12,0
2011-12-11 12:30:00,5.54,0.277,20,12,30
2011-12-11 13:00:00,6.158,0.3079,20,13,0
2011-12-11 13:30:00,5.837,0.29185,20,13,30
2011-12-11 14:00:00,6.5110000999999995,0.325550005,20,14,0
2011-12-11 14:30:00,7.7649999,0.388249995,20,14,30
2011-12-11 15:00:00,8.7110001,0.43555000499999996,20,15,0
2011-12-11 15:30:00,9.793,0.48965,20,15,30
2011-12-11 16:00:00,6.293,0.31465,20,16,0
2011-12-11 16:30:00,7.058,0.3529,20,16,30
2011-12-11 17:00:00,7.3740000000000006,0.3687,20,17,0
2011-12-11 17:30:00,7.847,0.39235000000000003,20,17,30
2011-12-11 18:00:00,7.825,0.39125,20,18,0
2011-12-11 18:30:00,7.8890002,0.39445001,20,18,30
2011-12-11 19:00:00,11.262,0.5631,20,19,0
2011-12-11 19:30:00,9.058,0.45289999999999997,20,19,30
2011-12-11 20:00:00,7.593,0.37965,20,20,0
2011-12-11 20:30:00,6.506,0.32530000000000003,20,20,30
2011-12-11 21:00:00,7.866,0.3933,20,21,0
2011-12-11 21:30:00,7.49,0.3745,20,21,30
2011-12-11 22:00:00,6.035,0.30175,20,22,0
2011-12-11 22:30:00,6.8780001,0.343900005,20,22,30
2011-12-11 23:00:00,5.417,0.27085,20,23,0
2011-12-11 23:30:00,3.811,0.19055,20,23,30
2011-12-12 00:00:00,3.238,0.1619,20,0,0
2011-12-12 00:30:00,7.093,0.35465,20,0,30
2011-12-12 01:00:00,6.979,0.34895,20,1,0
2011-12-12 01:30:00,6.1209999999999996,0.30605,20,1,30
2011-12-12 02:00:00,5.4,0.27,20,2,0
2011-12-12 02:30:00,5.3,0.265,20,2,30
2011-12-12 03:00:00,5.132,0.2566,20,3,0
2011-12-12 03:30:00,5.1770000000000005,0.25885,20,3,30
2011-12-12 04:00:00,4.482,0.22410000000000002,20,4,0
2011-12-12 04:30:00,3.985,0.19924999999999998,20,4,30
2011-12-12 05:00:00,3.457,0.17285,20,5,0
2011-12-12 05:30:00,2.763,0.13815,20,5,30
2011-12-12 06:00:00,2.374,0.1187,20,6,0
2011-12-12 06:30:00,4.085,0.20425,20,6,30
2011-12-12 07:00:00,4.501,0.22505000000000003,20,7,0
2011-12-12 07:30:00,3.981,0.19905,20,7,30
2011-12-12 08:00:00,5.297,0.26485,20,8,0
2011-12-12 08:30:00,6.585,0.32925,20,8,30
2011-12-12 09:00:00,5.995,0.29975,20,9,0
2011-12-12 09:30:00,5.947,0.29735,20,9,30
2011-12-12 10:00:00,5.959,0.29795,20,10,0
2011-12-12 10:30:00,5.027,0.25135,20,10,30
2011-12-12 11:00:00,4.446,0.2223,20,11,0
2011-12-12 11:30:00,5.086,0.2543,20,11,30
2011-12-12 12:00:00,4.691,0.23454999999999998,20,12,0
2011-12-12 12:30:00,5.942,0.29710000000000003,20,12,30
2011-12-12 13:00:00,5.572,0.2786,20,13,0
2011-12-12 13:30:00,7.304,0.3652,20,13,30
2011-12-12 14:00:00,7.2350001,0.361750005,20,14,0
2011-12-12 14:30:00,4.8569999,0.24284999499999999,20,14,30
2011-12-12 15:00:00,5.126,0.25630000000000003,20,15,0
2011-12-12 15:30:00,7.537,0.37685,20,15,30
2011-12-12 16:00:00,8.7810001,0.439050005,20,16,0
2011-12-12 16:30:00,6.1979999,0.309899995,20,16,30
2011-12-12 17:00:00,6.937,0.34685,20,17,0
2011-12-12 17:30:00,6.214,0.31070000000000003,20,17,30
2011-12-12 18:00:00,5.82,0.29100000000000004,20,18,0
2011-12-12 18:30:00,7.731,0.38655,20,18,30
2011-12-12 19:00:00,5.663,0.28315,20,19,0
2011-12-12 19:30:00,5.813,0.29064999999999996,20,19,30
2011-12-12 20:00:00,7.6729999,0.38364999499999997,20,20,0
2011-12-12 20:30:00,5.744,0.2872,20,20,30
2011-12-12 21:00:00,5.0360000000000005,0.2518,20,21,0
2011-12-12 21:30:00,5.392,0.2696,20,21,30
2011-12-12 22:00:00,6.271,0.31355,20,22,0
2011-12-12 22:30:00,5.5449999,0.27724999499999997,20,22,30
2011-12-12 23:00:00,4.979,0.24895,20,23,0
2011-12-12 23:30:00,5.571,0.27854999999999996,20,23,30
2011-12-13 00:00:00,3.972,0.1986,20,0,0
2011-12-13 00:30:00,7.6040000999999995,0.38020000499999995,20,0,30
2011-12-13 01:00:00,6.843,0.34215,20,1,0
2011-12-13 01:30:00,5.31,0.26549999999999996,20,1,30
2011-12-13 02:00:00,5.306,0.2653,20,2,0
2011-12-13 02:30:00,4.84,0.242,20,2,30
2011-12-13 03:00:00,4.902,0.2451,20,3,0
2011-12-13 03:30:00,4.0949998999999995,0.20474999499999996,20,3,30
2011-12-13 04:00:00,2.444,0.1222,20,4,0
2011-12-13 04:30:00,2.267,0.11334999999999999,20,4,30
2011-12-13 05:00:00,1.851,0.1234,15,5,0
2011-12-13 05:30:00,3.673,0.18365,20,5,30
2011-12-13 06:00:00,3.544,0.1772,20,6,0
2011-12-13 06:30:00,2.967,0.14835,20,6,30
2011-12-13 07:00:00,3.127,0.15635,20,7,0
2011-12-13 07:30:00,2.925,0.14625,20,7,30
2011-12-13 08:00:00,4.014,0.20070000000000002,20,8,0
2011-12-13 08:30:00,5.37,0.2685,20,8,30
2011-12-13 09:00:00,4.46,0.223,20,9,0
2011-12-13 09:30:00,3.666,0.1833,20,9,30
2011-12-13 10:00:00,4.041,0.20205,20,10,0
2011-12-13 10:30:00,5.6679999,0.283399995,20,10,30
2011-12-13 11:00:00,5.016,0.2508,20,11,0
2011-12-13 11:30:00,6.213,0.31065,20,11,30
2011-12-13 12:00:00,6.198,0.3099,20,12,0
2011-12-13 12:30:00,4.413,0.22065,20,12,30
2011-12-13 13:00:00,7.2539999,0.362699995,20,13,0
2011-12-13 13:30:00,6.3369999,0.316849995,20,13,30
2011-12-13 14:00:00,4.871,0.24355000000000002,20,14,0
2011-12-13 14:30:00,4.148,0.20739999999999997,20,14,30
2011-12-13 15:00:00,3.874,0.1937,20,15,0
2011-12-13 15:30:00,3.935,0.19675,20,15,30
2011-12-13 16:00:00,4.7509999999999994,0.23754999999999998,20,16,0
2011-12-13 16:30:00,5.4000001,0.270000005,20,16,30
2011-12-13 17:00:00,5.39,0.26949999999999996,20,17,0
2011-12-13 17:30:00,6.047,0.30235,20,17,30
2011-12-13 18:00:00,5.22,0.261,20,18,0
2011-12-13 18:30:00,4.982,0.24910000000000002,20,18,30
2011-12-13 19:00:00,5.008,0.2504,20,19,0
2011-12-13 19:30:00,6.1910001,0.309550005,20,19,30
2011-12-13 20:00:00,5.578,0.27890000000000004,20,20,0
2011-12-13 20:30:00,5.029,0.25145,20,20,30
2011-12-13 21:00:00,5.152,0.2576,20,21,0
2011-12-13 21:30:00,6.7909999,0.339549995,20,21,30
2011-12-13 22:00:00,5.236,0.2618,20,22,0
2011-12-13 22:30:00,5.3699999,0.268499995,20,22,30
2011-12-13 23:00:00,5.3439999,0.267199995,20,23,0
2011-12-13 23:30:00,3.992,0.1996,20,23,30
2011-12-14 00:00:00,3.44,0.172,20,0,0
2011-12-14 00:30:00,9.039,0.45194999999999996,20,0,30
2011-12-14 01:00:00,7.875,0.39375,20,1,0
2011-12-14 01:30:00,7.4320001,0.371600005,20,1,30
2011-12-14 02:00:00,6.9970001,0.349850005,20,2,0
2011-12-14 02:30:00,6.362,0.3181,20,2,30
2011-12-14 03:00:00,6.45,0.3225,20,3,0
2011-12-14 03:30:00,6.0570001,0.302850005,20,3,30
2011-12-14 04:00:00,4.511,0.22555,20,4,0
2011-12-14 04:30:00,4.4,0.22000000000000003,20,4,30
2011-12-14 05:00:00,2.717,0.13585,20,5,0
2011-12-14 05:30:00,2.856,0.14279999999999998,20,5,30
2011-12-14 06:00:00,3.3890000000000002,0.16945000000000002,20,6,0
2011-12-14 06:30:00,4.147,0.20735,20,6,30
2011-12-14 07:00:00,3.7560000000000002,0.18780000000000002,20,7,0
2011-12-14 07:30:00,3.503,0.17515,20,7,30
2011-12-14 08:00:00,4.418,0.2209,20,8,0
2011-12-14 08:30:00,5.296,0.26480000000000004,20,8,30
2011-12-14 09:00:00,5.472,0.2736,20,9,0
2011-12-14 09:30:00,5.724,0.2862,20,9,30
2011-12-14 10:00:00,3.961,0.19805,20,10,0
2011-12-14 10:30:00,4.493,0.22465000000000002,20,10,30
2011-12-14 11:00:00,5.222,0.2611,20,11,0
2011-12-14 11:30:00,5.125,0.25625,20,11,30
2011-12-14 12:00:00,5.416,0.27080000000000004,20,12,0
2011-12-14 12:30:00,4.682,0.23410000000000003,20,12,30
2011-12-14 13:00:00,4.743,0.23715000000000003,20,13,0
2011-12-14 13:30:00,6.0329999999999995,0.30165,20,13,30
2011-12-14 14:00:00,5.886,0.2943,20,14,0
2011-12-14 14:30:00,6.687,0.33435000000000004,20,14,30
2011-12-14 15:00:00,5.043,0.25215,20,15,0
2011-12-14 15:30:00,5.075,0.25375000000000003,20,15,30
2011-12-14 16:00:00,5.8250001,0.291250005,20,16,0
2011-12-14 16:30:00,7.2190001,0.36095000499999996,20,16,30
2011-12-14 17:00:00,6.054,0.3027,20,17,0
2011-12-14 17:30:00,6.139,0.30695,20,17,30
2011-12-14 18:00:00,6.553,0.32765,20,18,0
2011-12-14 18:30:00,8.3009999,0.41504999500000006,20,18,30
2011-12-14 19:00:00,7.6690000000000005,0.38345,20,19,0
2011-12-14 19:30:00,7.0,0.35,20,19,30
2011-12-14 20:00:00,6.3549999999999995,0.31775,20,20,0
2011-12-14 20:30:00,8.042000100000001,0.40210000500000004,20,20,30
2011-12-14 21:00:00,6.535,0.32675,20,21,0
2011-12-14 21:30:00,6.537,0.32685,20,21,30
2011-12-14 22:00:00,5.86,0.29300000000000004,20,22,0
2011-12-14 22:30:00,5.246,0.26230000000000003,20,22,30
2011-12-14 23:00:00,4.865,0.24325000000000002,20,23,0
2011-12-14 23:30:00,4.577,0.22885,20,23,30
2011-12-15 00:00:00,8.312,0.20779999999999998,40,0,0
2011-12-15 00:30:00,9.0750001,0.453750005,20,0,30
2011-12-15 01:00:00,8.544,0.4272,20,1,0
2011-12-15 01:30:00,7.4180002,0.37090001,20,1,30
2011-12-15 02:00:00,6.617,0.33085,20,2,0
2011-12-15 02:30:00,6.598,0.32989999999999997,20,2,30
2011-12-15 03:00:00,6.3790002,0.31895001,20,3,0
2011-12-15 03:30:00,5.3370001,0.266850005,20,3,30
2011-12-15 04:00:00,3.08,0.154,20,4,0
2011-12-15 04:30:00,4.12,0.20600000000000002,20,4,30
2011-12-15 05:00:00,2.986,0.14930000000000002,20,5,0
2011-12-15 05:30:00,3.4410000000000003,0.17205,20,5,30
2011-12-15 06:00:00,4.605,0.23025,20,6,0
2011-12-15 06:30:00,4.973,0.24864999999999998,20,6,30
2011-12-15 07:00:00,3.858,0.19290000000000002,20,7,0
2011-12-15 07:30:00,3.1870000000000003,0.15935000000000002,20,7,30
2011-12-15 08:00:00,4.834,0.24169999999999997,20,8,0
2011-12-15 08:30:00,5.239,0.26195,20,8,30
2011-12-15 09:00:00,5.309,0.26545,20,9,0
2011-12-15 09:30:00,4.205,0.21025,20,9,30
2011-12-15 10:00:00,4.779,0.23895,20,10,0
2011-12-15 10:30:00,4.204,0.2102,20,10,30
2011-12-15 11:00:00,4.585,0.22925,20,11,0
2011-12-15 11:30:00,5.644,0.2822,20,11,30
2011-12-15 12:00:00,5.325,0.26625,20,12,0
2011-12-15 12:30:00,5.197,0.25985,20,12,30
2011-12-15 13:00:00,4.728,0.2364,20,13,0
2011-12-15 13:30:00,6.58,0.329,20,13,30
2011-12-15 14:00:00,7.9829999,0.39914999500000004,20,14,0
2011-12-15 14:30:00,6.268,0.3134,20,14,30
2011-12-15 15:00:00,6.054,0.3027,20,15,0
2011-12-15 15:30:00,6.93,0.3465,20,15,30
2011-12-15 16:00:00,5.856,0.2928,20,16,0
2011-12-15 16:30:00,6.687,0.33435000000000004,20,16,30
2011-12-15 17:00:00,5.566,0.2783,20,17,0
2011-12-15 17:30:00,7.4130001,0.370650005,20,17,30
2011-12-15 18:00:00,7.167,0.35835,20,18,0
2011-12-15 18:30:00,8.1899999,0.409499995,20,18,30
2011-12-15 19:00:00,7.945,0.39725,20,19,0
2011-12-15 19:30:00,6.952999999999999,0.34764999999999996,20,19,30
2011-12-15 20:00:00,7.8070001,0.390350005,20,20,0
2011-12-15 20:30:00,7.5810001,0.37905000499999997,20,20,30
2011-12-15 21:00:00,5.594,0.2797,20,21,0
2011-12-15 21:30:00,5.191,0.25955,20,21,30
2011-12-15 22:00:00,5.023,0.25115,20,22,0
2011-12-15 22:30:00,4.9479999999999995,0.24739999999999998,20,22,30
2011-12-15 23:00:00,4.603,0.23015,20,23,0
2011-12-15 23:30:00,4.653,0.23264999999999997,20,23,30
2011-12-16 00:00:00,4.7540000000000004,0.23770000000000002,20,0,0
2011-12-16 00:30:00,10.159,0.50795,20,0,30
2011-12-16 01:00:00,7.29,0.3645,20,1,0
2011-12-16 01:30:00,6.7249999,0.336249995,20,1,30
2011-12-16 02:00:00,6.5939999,0.329699995,20,2,0
2011-12-16 02:30:00,6.2819999,0.31409999499999997,20,2,30
2011-12-16 03:00:00,6.0510001,0.302550005,20,3,0
2011-12-16 03:30:00,6.117,0.30585,20,3,30
2011-12-16 04:00:00,5.01,0.2505,20,4,0
2011-12-16 04:30:00,3.462,0.1731,20,4,30
2011-12-16 05:00:00,2.405,0.12025,20,5,0
2011-12-16 05:30:00,2.235,0.11174999999999999,20,5,30
2011-12-16 06:00:00,3.073,0.15365,20,6,0
2011-12-16 06:30:00,4.42,0.221,20,6,30
2011-12-16 07:00:00,4.882,0.24409999999999998,20,7,0
2011-12-16 07:30:00,2.981,0.14905,20,7,30
2011-12-16 08:00:00,4.524,0.2262,20,8,0
2011-12-16 08:30:00,6.103,0.30515,20,8,30
2011-12-16 09:00:00,6.6729997999999995,0.33364998999999995,20,9,0
2011-12-16 09:30:00,6.104,0.3052,20,9,30
2011-12-16 10:00:00,7.1390001,0.35695000499999996,20,10,0
2011-12-16 10:30:00,6.8839999,0.344199995,20,10,30
2011-12-16 11:00:00,6.619,0.33094999999999997,20,11,0
2011-12-16 11:30:00,4.817,0.24085,20,11,30
2011-12-16 12:00:00,4.7669999999999995,0.23834999999999998,20,12,0
2011-12-16 12:30:00,5.724999899999999,0.286249995,20,12,30
2011-12-16 13:00:00,6.3860001,0.319300005,20,13,0
2011-12-16 13:30:00,4.7379999999999995,0.23689999999999997,20,13,30
2011-12-16 14:00:00,4.167,0.20834999999999998,20,14,0
2011-12-16 14:30:00,3.688,0.1844,20,14,30
2011-12-16 15:00:00,5.2330001,0.261650005,20,15,0
2011-12-16 15:30:00,4.769,0.23845,20,15,30
2011-12-16 16:00:00,5.143,0.25715,20,16,0
2011-12-16 16:30:00,5.3809999,0.269049995,20,16,30
2011-12-16 17:00:00,6.155,0.30775,20,17,0
2011-12-16 17:30:00,6.224,0.31120000000000003,20,17,30
2011-12-16 18:00:00,5.104,0.2552,20,18,0
2011-12-16 18:30:00,6.564,0.3282,20,18,30
2011-12-16 19:00:00,6.4230001,0.321150005,20,19,0
2011-12-16 19:30:00,6.378,0.3189,20,19,30
2011-12-16 20:00:00,5.4430000000000005,0.27215,20,20,0
2011-12-16 20:30:00,4.341,0.21705000000000002,20,20,30
2011-12-16 21:00:00,6.15,0.3075,20,21,0
2011-12-16 21:30:00,5.942,0.29710000000000003,20,21,30
2011-12-16 22:00:00,6.247,0.31235,20,22,0
2011-12-16 22:30:00,6.241,0.31205,20,22,30
2011-12-16 23:00:00,5.586,0.2793,20,23,0
2011-12-16 23:30:00,4.348,0.21739999999999998,20,23,30
2011-12-17 00:00:00,2.929,0.14645,20,0,0
2011-12-17 00:30:00,8.564,0.4282,20,0,30
2011-12-17 01:00:00,7.6939998,0.38469999,20,1,0
2011-12-17 01:30:00,6.7580001,0.337900005,20,1,30
2011-12-17 02:00:00,6.428,0.3214,20,2,0
2011-12-17 02:30:00,6.6769999,0.333849995,20,2,30
2011-12-17 03:00:00,5.838,0.2919,20,3,0
2011-12-17 03:30:00,5.034,0.2517,20,3,30
2011-12-17 04:00:00,3.715,0.18575,20,4,0
2011-12-17 04:30:00,3.537,0.17685,20,4,30
2011-12-17 05:00:00,3.644,0.1822,20,5,0
2011-12-17 05:30:00,2.5660000000000003,0.12830000000000003,20,5,30
2011-12-17 06:00:00,2.794,0.1397,20,6,0
2011-12-17 06:30:00,4.226,0.2113,20,6,30
2011-12-17 07:00:00,4.051,0.20255,20,7,0
2011-12-17 07:30:00,2.667,0.13335,20,7,30
2011-12-17 08:00:00,4.424,0.2212,20,8,0
2011-12-17 08:30:00,4.755,0.23775,20,8,30
2011-12-17 09:00:00,4.847,0.24235,20,9,0
2011-12-17 09:30:00,4.05,0.20249999999999999,20,9,30
2011-12-17 10:00:00,4.479,0.22395,20,10,0
2011-12-17 10:30:00,3.993,0.19965,20,10,30
2011-12-17 11:00:00,6.211,0.31055,20,11,0
2011-12-17 11:30:00,7.137,0.35685,20,11,30
2011-12-17 12:00:00,5.819,0.29095,20,12,0
2011-12-17 12:30:00,4.575,0.22875,20,12,30
2011-12-17 13:00:00,3.123,0.15615,20,13,0
2011-12-17 13:30:00,3.337,0.16685,20,13,30
2011-12-17 14:00:00,3.294,0.1647,20,14,0
2011-12-17 14:30:00,3.4210000000000003,0.17105,20,14,30
2011-12-17 15:00:00,5.804,0.2902,20,15,0
2011-12-17 15:30:00,4.291,0.21455000000000002,20,15,30
2011-12-17 16:00:00,5.328,0.2664,20,16,0
2011-12-17 16:30:00,6.422,0.3211,20,16,30
2011-12-17 17:00:00,5.197,0.25985,20,17,0
2011-12-17 17:30:00,5.785,0.28925,20,17,30
2011-12-17 18:00:00,6.511,0.32555,20,18,0
2011-12-17 18:30:00,7.593,0.37965,20,18,30
2011-12-17 19:00:00,7.509,0.37545,20,19,0
2011-12-17 19:30:00,7.416,0.3708,20,19,30
2011-12-17 20:00:00,6.339,0.31695,20,20,0
2011-12-17 20:30:00,5.569,0.27845,20,20,30
2011-12-17 21:00:00,5.189,0.25945,20,21,0
2011-12-17 21:30:00,5.678,0.2839,20,21,30
2011-12-17 22:00:00,5.645,0.28225,20,22,0
2011-12-17 22:30:00,5.545,0.27725,20,22,30
2011-12-17 23:00:00,6.28,0.314,20,23,0
2011-12-17 23:30:00,3.581,0.17905,20,23,30
2011-12-18 00:00:00,2.922,0.1461,20,0,0
2011-12-18 00:30:00,8.3349998,0.41674999,20,0,30
2011-12-18 01:00:00,8.181,0.40904999999999997,20,1,0
2011-12-18 01:30:00,7.096,0.3548,20,1,30
2011-12-18 02:00:00,7.021,0.35105,20,2,0
2011-12-18 02:30:00,6.774,0.3387,20,2,30
2011-12-18 03:00:00,6.235,0.31175,20,3,0
2011-12-18 03:30:00,6.216,0.3108,20,3,30
2011-12-18 04:00:00,4.7320001000000005,0.23660000500000003,20,4,0
2011-12-18 04:30:00,4.427,0.22135,20,4,30
2011-12-18 05:00:00,3.7270000000000003,0.18635000000000002,20,5,0
2011-12-18 05:30:00,3.143,0.15714999999999998,20,5,30
2011-12-18 06:00:00,3.237,0.16185,20,6,0
2011-12-18 06:30:00,4.319,0.21595,20,6,30
2011-12-18 07:00:00,5.279,0.26395,20,7,0
2011-12-18 07:30:00,3.022,0.15109999999999998,20,7,30
2011-12-18 08:00:00,3.628,0.1814,20,8,0
2011-12-18 08:30:00,5.015,0.25075,20,8,30
2011-12-18 09:00:00,4.617,0.23085,20,9,0
2011-12-18 09:30:00,5.798,0.2899,20,9,30
2011-12-18 10:00:00,5.482,0.2741,20,10,0
2011-12-18 10:30:00,5.277,0.26385000000000003,20,10,30
2011-12-18 11:00:00,4.141,0.20705,20,11,0
2011-12-18 11:30:00,5.593,0.27965,20,11,30
2011-12-18 12:00:00,5.328,0.2664,20,12,0
2011-12-18 12:30:00,7.8629999,0.39314999500000003,20,12,30
2011-12-18 13:00:00,6.1930000000000005,0.30965000000000004,20,13,0
2011-12-18 13:30:00,6.024,0.3012,20,13,30
2011-12-18 14:00:00,8.8989999,0.444949995,20,14,0
2011-12-18 14:30:00,6.295,0.31475,20,14,30
2011-12-18 15:00:00,6.4340000999999996,0.32170000499999996,20,15,0
2011-12-18 15:30:00,7.264,0.3632,20,15,30
2011-12-18 16:00:00,7.582,0.3791,20,16,0
2011-12-18 16:30:00,6.3629999999999995,0.31815,20,16,30
2011-12-18 17:00:00,6.835000000000001,0.34175000000000005,20,17,0
2011-12-18 17:30:00,7.7949999,0.38974999499999996,20,17,30
2011-12-18 18:00:00,6.658,0.33290000000000003,20,18,0
2011-12-18 18:30:00,6.91,0.34550000000000003,20,18,30
2011-12-18 19:00:00,6.8530001,0.342650005,20,19,0
2011-12-18 19:30:00,7.75,0.3875,20,19,30
2011-12-18 20:00:00,6.015000000000001,0.30075,20,20,0
2011-12-18 20:30:00,6.019,0.30095,20,20,30
2011-12-18 21:00:00,6.3480001,0.317400005,20,21,0
2011-12-18 21:30:00,7.697,0.38485,20,21,30
2011-12-18 22:00:00,6.8829999,0.344149995,20,22,0
2011-12-18 22:30:00,6.291,0.31455,20,22,30
2011-12-18 23:00:00,6.139,0.30695,20,23,0
2011-12-18 23:30:00,5.1999999,0.259999995,20,23,30
2011-12-19 00:00:00,4.095,0.20475,20,0,0
2011-12-19 00:30:00,10.2459998,0.51229999,20,0,30
2011-12-19 01:00:00,9.5709999,0.478549995,20,1,0
2011-12-19 01:30:00,8.023,0.40115,20,1,30
2011-12-19 02:00:00,7.4309999,0.37154999499999997,20,2,0
2011-12-19 02:30:00,7.1890001,0.359450005,20,2,30
2011-12-19 03:00:00,7.1970000999999995,0.359850005,20,3,0
2011-12-19 03:30:00,6.478000000000001,0.3239,20,3,30
2011-12-19 04:00:00,5.3400001,0.267000005,20,4,0
2011-12-19 04:30:00,4.312,0.2156,20,4,30
2011-12-19 05:00:00,3.7129999000000002,0.185649995,20,5,0
2011-12-19 05:30:00,2.93,0.14650000000000002,20,5,30
2011-12-19 06:00:00,2.918,0.1459,20,6,0
2011-12-19 06:30:00,4.378,0.2189,20,6,30
2011-12-19 07:00:00,4.9990000000000006,0.24995000000000003,20,7,0
2011-12-19 07:30:00,3.5220000000000002,0.1761,20,7,30
2011-12-19 08:00:00,7.591,0.37955,20,8,0
2011-12-19 08:30:00,4.494,0.22469999999999998,20,8,30
2011-12-19 09:00:00,5.696,0.2848,20,9,0
2011-12-19 09:30:00,4.601,0.23005,20,9,30
2011-12-19 10:00:00,4.026,0.20129999999999998,20,10,0
2011-12-19 10:30:00,4.601,0.23005,20,10,30
2011-12-19 11:00:00,5.77,0.2885,20,11,0
2011-12-19 11:30:00,6.45,0.3225,20,11,30
2011-12-19 12:00:00,7.04,0.352,20,12,0
2011-12-19 12:30:00,5.547,0.27735,20,12,30
2011-12-19 13:00:00,5.658,0.28290000000000004,20,13,0
2011-12-19 13:30:00,5.219,0.26095,20,13,30
2011-12-19 14:00:00,7.213,0.36065,20,14,0
2011-12-19 14:30:00,6.333,0.31665,20,14,30
2011-12-19 15:00:00,6.2870001,0.314350005,20,15,0
2011-12-19 15:30:00,6.5270000999999995,0.326350005,20,15,30
2011-12-19 16:00:00,6.77,0.33849999999999997,20,16,0
2011-12-19 16:30:00,6.726999999999999,0.33635,20,16,30
2011-12-19 17:00:00,6.203,0.31015000000000004,20,17,0
2011-12-19 17:30:00,5.457,0.27285,20,17,30
2011-12-19 18:00:00,5.022,0.2511,20,18,0
2011-12-19 18:30:00,6.886,0.3443,20,18,30
2011-12-19 19:00:00,5.446,0.2723,20,19,0
2011-12-19 19:30:00,5.014,0.25070000000000003,20,19,30
2011-12-19 20:00:00,4.511,0.22555,20,20,0
2011-12-19 20:30:00,5.734,0.2867,20,20,30
2011-12-19 21:00:00,6.447,0.32235,20,21,0
2011-12-19 21:30:00,5.857,0.29285,20,21,30
2011-12-19 22:00:00,5.221,0.26105,20,22,0
2011-12-19 22:30:00,4.25,0.2125,20,22,30
2011-12-19 23:00:00,3.209,0.16045,20,23,0
2011-12-19 23:30:00,3.164,0.1582,20,23,30
2011-12-20 00:00:00,2.958,0.1479,20,0,0
2011-12-20 00:30:00,11.328999999999999,0.5664499999999999,20,0,30
2011-12-20 01:00:00,10.5899998,0.5294999899999999,20,1,0
2011-12-20 01:30:00,10.2190001,0.510950005,20,1,30
2011-12-20 02:00:00,9.2299999,0.46149999499999994,20,2,0
2011-12-20 02:30:00,9.243,0.46215,20,2,30
2011-12-20 03:00:00,8.768999899999999,0.4384499949999999,20,3,0
2011-12-20 03:30:00,8.4910002,0.42455001000000003,20,3,30
2011-12-20 04:00:00,7.7719999,0.388599995,20,4,0
2011-12-20 04:30:00,5.56,0.27799999999999997,20,4,30
2011-12-20 05:00:00,5.3319999000000005,0.26659999500000003,20,5,0
2011-12-20 05:30:00,4.278,0.21389999999999998,20,5,30
2011-12-20 06:00:00,4.04,0.202,20,6,0
2011-12-20 06:30:00,4.724,0.23620000000000002,20,6,30
2011-12-20 07:00:00,4.021,0.20105,20,7,0
2011-12-20 07:30:00,2.566,0.1283,20,7,30
2011-12-20 08:00:00,3.294,0.1647,20,8,0
2011-12-20 08:30:00,3.686,0.1843,20,8,30
2011-12-20 09:00:00,4.389,0.21945,20,9,0
2011-12-20 09:30:00,4.8160001,0.240800005,20,9,30
2011-12-20 10:00:00,5.494999999999999,0.27474999999999994,20,10,0
2011-12-20 10:30:00,7.1199999,0.355999995,20,10,30
2011-12-20 11:00:00,4.614,0.2307,20,11,0
2011-12-20 11:30:00,5.204000000000001,0.26020000000000004,20,11,30
2011-12-20 12:00:00,4.449,0.22244999999999998,20,12,0
2011-12-20 12:30:00,6.9879999999999995,0.3494,20,12,30
2011-12-20 13:00:00,6.6419999,0.332099995,20,13,0
2011-12-20 13:30:00,5.125,0.25625,20,13,30
2011-12-20 14:00:00,4.476999999999999,0.22384999999999997,20,14,0
2011-12-20 14:30:00,3.545,0.17725,20,14,30
2011-12-20 15:00:00,3.7600000000000002,0.188,20,15,0
2011-12-20 15:30:00,6.7050001,0.335250005,20,15,30
2011-12-20 16:00:00,5.029999999999999,0.25149999999999995,20,16,0
2011-12-20 16:30:00,4.933,0.24664999999999998,20,16,30
2011-12-20 17:00:00,5.8449999,0.29224999500000004,20,17,0
2011-12-20 17:30:00,7.263,0.36315,20,17,30
2011-12-20 18:00:00,5.486,0.2743,20,18,0
2011-12-20 18:30:00,6.8189999,0.340949995,20,18,30
2011-12-20 19:00:00,7.361,0.36805,20,19,0
2011-12-20 19:30:00,7.888,0.3944,20,19,30
2011-12-20 20:00:00,6.669,0.33344999999999997,20,20,0
2011-12-20 20:30:00,5.76,0.288,20,20,30
2011-12-20 21:00:00,5.29,0.2645,20,21,0
2011-12-20 21:30:00,5.708,0.2854,20,21,30
2011-12-20 22:00:00,5.534,0.2767,20,22,0
2011-12-20 22:30:00,5.0360000000000005,0.2518,20,22,30
2011-12-20 23:00:00,4.841,0.24205000000000002,20,23,0
2011-12-20 23:30:00,3.058,0.15289999999999998,20,23,30
2011-12-21 00:00:00,2.843,0.14215,20,0,0
2011-12-21 00:30:00,11.5490002,0.57745001,20,0,30
2011-12-21 01:00:00,11.025999800000001,0.5512999900000001,20,1,0
2011-12-21 01:30:00,10.201000200000001,0.51005001,20,1,30
2011-12-21 02:00:00,10.8650001,0.543250005,20,2,0
2011-12-21 02:30:00,9.496,0.4748,20,2,30
2011-12-21 03:00:00,9.272999800000001,0.46364999000000007,20,3,0
2011-12-21 03:30:00,7.913999899999999,0.39569999499999997,20,3,30
2011-12-21 04:00:00,5.26,0.263,20,4,0
2011-12-21 04:30:00,4.236,0.2118,20,4,30
2011-12-21 05:00:00,4.023000000000001,0.20115000000000002,20,5,0
2011-12-21 05:30:00,4.404,0.2202,20,5,30
2011-12-21 06:00:00,4.475,0.22374999999999998,20,6,0
2011-12-21 06:30:00,4.688,0.24673684210526314,19,6,30
2011-12-21 07:00:00,5.301,0.26505,20,7,0
2011-12-21 07:30:00,2.58,0.129,20,7,30
2011-12-21 08:00:00,3.721,0.18605,20,8,0
2011-12-21 08:30:00,4.096,0.2048,20,8,30
2011-12-21 09:00:00,5.32,0.266,20,9,0
2011-12-21 09:30:00,4.346,0.2173,20,9,30
2011-12-21 10:00:00,4.9569999,0.247849995,20,10,0
2011-12-21 10:30:00,5.239,0.26195,20,10,30
2011-12-21 11:00:00,7.0920001,0.354600005,20,11,0
2011-12-21 11:30:00,5.7950001,0.28975000500000003,20,11,30
2011-12-21 12:00:00,4.116,0.20579999999999998,20,12,0
2011-12-21 12:30:00,4.914,0.24569999999999997,20,12,30
2011-12-21 13:00:00,4.647,0.23235,20,13,0
2011-12-21 13:30:00,4.59,0.22949999999999998,20,13,30
2011-12-21 14:00:00,5.273,0.26365,20,14,0
2011-12-21 14:30:00,6.157,0.30785,20,14,30
2011-12-21 15:00:00,6.425,0.32125,20,15,0
2011-12-21 15:30:00,4.9980001,0.24990000499999998,20,15,30
2011-12-21 16:00:00,5.207,0.26034999999999997,20,16,0
2011-12-21 16:30:00,6.2489999,0.31244999500000004,20,16,30
2011-12-21 17:00:00,6.524,0.3262,20,17,0
2011-12-21 17:30:00,5.386,0.2693,20,17,30
2011-12-21 18:00:00,4.723,0.23615,20,18,0
2011-12-21 18:30:00,5.407,0.27035,20,18,30
2011-12-21 19:00:00,3.547,0.17735,20,19,0
2011-12-21 19:30:00,4.647,0.23235,20,19,30
2011-12-21 20:00:00,4.766,0.2383,20,20,0
2011-12-21 20:30:00,4.514,0.2257,20,20,30
2011-12-21 21:00:00,4.808,0.2404,20,21,0
2011-12-21 21:30:00,5.191,0.25955,20,21,30
2011-12-21 22:00:00,4.412,0.2206,20,22,0
2011-12-21 22:30:00,4.527,0.22635,20,22,30
2011-12-21 23:00:00,4.578,0.22890000000000002,20,23,0
2011-12-21 23:30:00,3.055,0.15275,20,23,30
2011-12-22 00:00:00,2.811,0.14055,20,0,0
2011-12-22 00:30:00,11.6210001,0.581050005,20,0,30
2011-12-22 01:00:00,10.315999900000001,0.5157999950000001,20,1,0
2011-12-22 01:30:00,9.6619998,0.48309999000000003,20,1,30
2011-12-22 02:00:00,8.2849998,0.41424998999999996,20,2,0
2011-12-22 02:30:00,7.1659999,0.358299995,20,2,30
2011-12-22 03:00:00,7.8069999,0.390349995,20,3,0
2011-12-22 03:30:00,6.7510002,0.33755001,20,3,30
2011-12-22 04:00:00,4.5,0.225,20,4,0
2011-12-22 04:30:00,3.972,0.1986,20,4,30
2011-12-22 05:00:00,4.209,0.21044999999999997,20,5,0
2011-12-22 05:30:00,3.7409999000000003,0.18704999500000002,20,5,30
2011-12-22 06:00:00,4.631,0.23155,20,6,0
2011-12-22 06:30:00,5.632,0.28159999999999996,20,6,30
2011-12-22 07:00:00,6.066,0.3033,20,7,0
2011-12-22 07:30:00,2.227,0.11134999999999999,20,7,30
2011-12-22 08:00:00,2.7560000000000002,0.1378,20,8,0
2011-12-22 08:30:00,3.61,0.1805,20,8,30
2011-12-22 09:00:00,3.7079999999999997,0.18539999999999998,20,9,0
2011-12-22 09:30:00,3.378,0.1689,20,9,30
2011-12-22 10:00:00,3.715,0.18575,20,10,0
2011-12-22 10:30:00,4.646,0.2323,20,10,30
2011-12-22 11:00:00,3.354,0.16770000000000002,20,11,0
2011-12-22 11:30:00,3.885,0.19424999999999998,20,11,30
2011-12-22 12:00:00,2.894,0.1447,20,12,0
2011-12-22 12:30:00,2.748,0.13740000000000002,20,12,30
2011-12-22 13:00:00,2.629,0.13145,20,13,0
2011-12-22 13:30:00,3.619,0.18095,20,13,30
2011-12-22 14:00:00,4.411,0.22054999999999997,20,14,0
2011-12-22 14:30:00,4.3680001,0.21840000499999998,20,14,30
2011-12-22 15:00:00,3.235,0.16175,20,15,0
2011-12-22 15:30:00,4.364,0.2182,20,15,30
2011-12-22 16:00:00,3.693,0.18465,20,16,0
2011-12-22 16:30:00,3.178,0.15889999999999999,20,16,30
2011-12-22 17:00:00,3.678,0.1839,20,17,0
2011-12-22 17:30:00,4.592,0.22959999999999997,20,17,30
2011-12-22 18:00:00,4.269,0.21345,20,18,0
2011-12-22 18:30:00,4.341,0.21705000000000002,20,18,30
2011-12-22 19:00:00,4.658,0.23290000000000002,20,19,0
2011-12-22 19:30:00,4.4110000000000005,0.22055000000000002,20,19,30
2011-12-22 20:00:00,4.1129999999999995,0.20564999999999997,20,20,0
2011-12-22 20:30:00,4.272,0.2136,20,20,30
2011-12-22 21:00:00,3.729,0.18645,20,21,0
2011-12-22 21:30:00,4.027,0.20135,20,21,30
2011-12-22 22:00:00,3.913,0.19565,20,22,0
2011-12-22 22:30:00,4.03,0.2015,20,22,30
2011-12-22 23:00:00,3.605,0.18025,20,23,0
2011-12-22 23:30:00,3.71,0.1855,20,23,30
2011-12-23 00:00:00,3.698,0.1849,20,0,0
2011-12-23 00:30:00,10.1650001,0.5082500050000001,20,0,30
2011-12-23 01:00:00,8.8929999,0.44464999499999996,20,1,0
2011-12-23 01:30:00,8.1659999,0.40829999499999997,20,1,30
2011-12-23 02:00:00,7.1370000000000005,0.35685,20,2,0
2011-12-23 02:30:00,6.4910001,0.324550005,20,2,30
2011-12-23 03:00:00,5.4769999,0.273849995,20,3,0
2011-12-23 03:30:00,4.9670001,0.24835000499999998,20,3,30
2011-12-23 04:00:00,4.136,0.2068,20,4,0
2011-12-23 04:30:00,3.605,0.18025,20,4,30
2011-12-23 05:00:00,3.686,0.1843,20,5,0
2011-12-23 05:30:00,3.6749999,0.183749995,20,5,30
2011-12-23 06:00:00,3.1620000999999998,0.158100005,20,6,0
2011-12-23 06:30:00,3.299,0.16494999999999999,20,6,30
2011-12-23 07:00:00,5.1140001,0.255700005,20,7,0
2011-12-23 07:30:00,3.268,0.1634,20,7,30
2011-12-23 08:00:00,3.163,0.15814999999999999,20,8,0
2011-12-23 08:30:00,3.916,0.1958,20,8,30
2011-12-23 09:00:00,3.805,0.19025,20,9,0
2011-12-23 09:30:00,3.447,0.17235,20,9,30
2011-12-23 10:00:00,3.43,0.1715,20,10,0
2011-12-23 10:30:00,4.042,0.2021,20,10,30
2011-12-23 11:00:00,3.718,0.1859,20,11,0
2011-12-23 11:30:00,3.8450001,0.192250005,20,11,30
2011-12-23 12:00:00,4.142,0.2071,20,12,0
2011-12-23 12:30:00,4.847,0.24235,20,12,30
2011-12-23 13:00:00,4.977,0.24885000000000002,20,13,0
2011-12-23 13:30:00,4.312,0.2156,20,13,30
2011-12-23 14:00:00,2.987,0.14935,20,14,0
2011-12-23 14:30:00,3.733,0.18665,20,14,30
2011-12-23 15:00:00,4.3729999,0.21864999499999999,20,15,0
2011-12-23 15:30:00,5.97,0.2985,20,15,30
2011-12-23 16:00:00,5.284,0.2642,20,16,0
2011-12-23 16:30:00,5.909,0.29545,20,16,30
2011-12-23 17:00:00,5.7280001,0.286400005,20,17,0
2011-12-23 17:30:00,5.52,0.27599999999999997,20,17,30
2011-12-23 18:00:00,5.646,0.2823,20,18,0
2011-12-23 18:30:00,4.8549999999999995,0.24274999999999997,20,18,30
2011-12-23 19:00:00,4.572,0.2286,20,19,0
2011-12-23 19:30:00,4.945,0.24725000000000003,20,19,30
2011-12-23 20:00:00,4.9330001,0.246650005,20,20,0
2011-12-23 20:30:00,4.488,0.22440000000000002,20,20,30
2011-12-23 21:00:00,5.272,0.2636,20,21,0
2011-12-23 21:30:00,4.3740000000000006,0.21870000000000003,20,21,30
2011-12-23 22:00:00,3.953,0.19765,20,22,0
2011-12-23 22:30:00,3.731,0.18655,20,22,30
2011-12-23 23:00:00,2.917,0.14584999999999998,20,23,0
2011-12-23 23:30:00,3.223,0.16115,20,23,30
2011-12-24 00:00:00,2.9939999999999998,0.1497,20,0,0
2011-12-24 00:30:00,10.5100002,0.52550001,20,0,30
2011-12-24 01:00:00,9.784,0.4892,20,1,0
2011-12-24 01:30:00,9.090999799999999,0.45454998999999996,20,1,30
2011-12-24 02:00:00,6.736999999999999,0.33685,20,2,0
2011-12-24 02:30:00,6.127,0.30635,20,2,30
2011-12-24 03:00:00,5.5300001,0.276500005,20,3,0
2011-12-24 03:30:00,5.3949999,0.269749995,20,3,30
2011-12-24 04:00:00,4.1190001,0.205950005,20,4,0
2011-12-24 04:30:00,4.013,0.21121052631578946,19,4,30
2011-12-24 05:00:00,3.828,0.1914,20,5,0
2011-12-24 05:30:00,3.886,0.1943,20,5,30
2011-12-24 06:00:00,3.823,0.19115,20,6,0
2011-12-24 06:30:00,3.936,0.1968,20,6,30
2011-12-24 07:00:00,4.171,0.20855,20,7,0
2011-12-24 07:30:00,2.879,0.14395,20,7,30
2011-12-24 08:00:00,2.756,0.13779999999999998,20,8,0
2011-12-24 08:30:00,3.5,0.175,20,8,30
2011-12-24 09:00:00,4.433,0.22164999999999999,20,9,0
2011-12-24 09:30:00,4.573,0.22865000000000002,20,9,30
2011-12-24 10:00:00,3.924,0.19619999999999999,20,10,0
2011-12-24 10:30:00,4.71,0.2355,20,10,30
2011-12-24 11:00:00,5.547000000000001,0.27735000000000004,20,11,0
2011-12-24 11:30:00,4.158,0.20790000000000003,20,11,30
2011-12-24 12:00:00,4.164,0.2082,20,12,0
2011-12-24 12:30:00,5.0360000000000005,0.2518,20,12,30
2011-12-24 13:00:00,4.833,0.24165,20,13,0
2011-12-24 13:30:00,4.351,0.21755,20,13,30
2011-12-24 14:00:00,3.907,0.19535,20,14,0
2011-12-24 14:30:00,3.801,0.19005,20,14,30
2011-12-24 15:00:00,3.625,0.18125,20,15,0
2011-12-24 15:30:00,4.103,0.20515,20,15,30
2011-12-24 16:00:00,4.312,0.2156,20,16,0
2011-12-24 16:30:00,4.43,0.22149999999999997,20,16,30
2011-12-24 17:00:00,5.6109999,0.280549995,20,17,0
2011-12-24 17:30:00,5.7999998999999995,0.28999999499999995,20,17,30
2011-12-24 18:00:00,4.771,0.23854999999999998,20,18,0
2011-12-24 18:30:00,4.613,0.23065000000000002,20,18,30
2011-12-24 19:00:00,4.304,0.2152,20,19,0
2011-12-24 19:30:00,4.7219999999999995,0.23609999999999998,20,19,30
2011-12-24 20:00:00,4.8660000000000005,0.24330000000000002,20,20,0
2011-12-24 20:30:00,5.098,0.2549,20,20,30
2011-12-24 21:00:00,4.477,0.22385000000000002,20,21,0
2011-12-24 21:30:00,4.399,0.21995,20,21,30
2011-12-24 22:00:00,4.2700000000000005,0.21350000000000002,20,22,0
2011-12-24 22:30:00,3.4899999999999998,0.1745,20,22,30
2011-12-24 23:00:00,3.266,0.1633,20,23,0
2011-12-24 23:30:00,3.3489999999999998,0.16745,20,23,30
2011-12-25 00:00:00,2.976,0.1488,20,0,0
2011-12-25 00:30:00,10.2110002,0.51055001,20,0,30
2011-12-25 01:00:00,8.7680001,0.438400005,20,1,0
2011-12-25 01:30:00,7.503,0.37515,20,1,30
2011-12-25 02:00:00,6.737,0.33685,20,2,0
2011-12-25 02:30:00,5.964,0.2982,20,2,30
2011-12-25 03:00:00,5.4829999,0.27414999500000004,20,3,0
2011-12-25 03:30:00,4.8949999,0.244749995,20,3,30
2011-12-25 04:00:00,4.3690001,0.218450005,20,4,0
2011-12-25 04:30:00,3.2850001,0.164250005,20,4,30
2011-12-25 05:00:00,3.9419999999999997,0.1971,20,5,0
2011-12-25 05:30:00,3.496,0.1748,20,5,30
2011-12-25 06:00:00,4.2840001,0.214200005,20,6,0
2011-12-25 06:30:00,3.711,0.18555,20,6,30
2011-12-25 07:00:00,4.308,0.21539999999999998,20,7,0
2011-12-25 07:30:00,2.469,0.12344999999999999,20,7,30
2011-12-25 08:00:00,2.648,0.13240000000000002,20,8,0
2011-12-25 08:30:00,3.03,0.1515,20,8,30
2011-12-25 09:00:00,3.665,0.18325,20,9,0
2011-12-25 09:30:00,3.76,0.188,20,9,30
2011-12-25 10:00:00,4.255,0.21275,20,10,0
2011-12-25 10:30:00,4.422,0.2211,20,10,30
2011-12-25 11:00:00,5.0249999,0.251249995,20,11,0
2011-12-25 11:30:00,4.348,0.21739999999999998,20,11,30
2011-12-25 12:00:00,4.175,0.20875,20,12,0
2011-12-25 12:30:00,3.7070000000000003,0.18535000000000001,20,12,30
2011-12-25 13:00:00,4.085,0.20425,20,13,0
2011-12-25 13:30:00,4.589,0.22945000000000002,20,13,30
2011-12-25 14:00:00,5.5039998,0.27519999,20,14,0
2011-12-25 14:30:00,5.2239999,0.261199995,20,14,30
2011-12-25 15:00:00,3.672,0.1836,20,15,0
2011-12-25 15:30:00,4.4619999,0.22309999500000002,20,15,30
2011-12-25 16:00:00,5.5350001,0.276750005,20,16,0
2011-12-25 16:30:00,6.231,0.31155,20,16,30
2011-12-25 17:00:00,6.5699999,0.328499995,20,17,0
2011-12-25 17:30:00,4.8229999999999995,0.24114999999999998,20,17,30
2011-12-25 18:00:00,4.307,0.21535,20,18,0
2011-12-25 18:30:00,4.0899999000000005,0.20449999500000002,20,18,30
2011-12-25 19:00:00,4.926,0.24630000000000002,20,19,0
2011-12-25 19:30:00,5.257,0.26285,20,19,30
2011-12-25 20:00:00,4.913,0.24565,20,20,0
2011-12-25 20:30:00,5.005,0.25025,20,20,30
2011-12-25 21:00:00,4.575,0.22875,20,21,0
2011-12-25 21:30:00,4.575,0.22875,20,21,30
2011-12-25 22:00:00,4.845,0.24225,20,22,0
2011-12-25 22:30:00,4.563,0.22815,20,22,30
2011-12-25 23:00:00,3.601,0.18005,20,23,0
2011-12-25 23:30:00,3.496,0.1748,20,23,30
2011-12-26 00:00:00,2.914,0.1457,20,0,0
2011-12-26 00:30:00,10.6339998,0.53169999,20,0,30
2011-12-26 01:00:00,9.5189999,0.475949995,20,1,0
2011-12-26 01:30:00,8.3389998,0.41694999,20,1,30
2011-12-26 02:00:00,6.7289998,0.33644999000000003,20,2,0
2011-12-26 02:30:00,5.7409999,0.287049995,20,2,30
2011-12-26 03:00:00,5.7829999999999995,0.28914999999999996,20,3,0
2011-12-26 03:30:00,6.1530002,0.30765001000000003,20,3,30
2011-12-26 04:00:00,5.076,0.25379999999999997,20,4,0
2011-12-26 04:30:00,3.582,0.17909999999999998,20,4,30
2011-12-26 05:00:00,3.621,0.18105,20,5,0
2011-12-26 05:30:00,2.9129999,0.145649995,20,5,30
2011-12-26 06:00:00,3.356,0.1678,20,6,0
2011-12-26 06:30:00,3.461,0.17304999999999998,20,6,30
2011-12-26 07:00:00,2.692,0.1346,20,7,0
2011-12-26 07:30:00,2.681,0.13405,20,7,30
2011-12-26 08:00:00,2.531,0.12655,20,8,0
2011-12-26 08:30:00,2.384,0.1192,20,8,30
2011-12-26 09:00:00,2.6470000000000002,0.13235000000000002,20,9,0
2011-12-26 09:30:00,2.917,0.14584999999999998,20,9,30
2011-12-26 10:00:00,3.487,0.17435,20,10,0
2011-12-26 10:30:00,2.934,0.1467,20,10,30
2011-12-26 11:00:00,4.2139999999999995,0.21069999999999997,20,11,0
2011-12-26 11:30:00,3.249,0.16245,20,11,30
2011-12-26 12:00:00,3.238,0.1619,20,12,0
2011-12-26 12:30:00,3.201,0.16005,20,12,30
2011-12-26 13:00:00,3.191,0.15955,20,13,0
2011-12-26 13:30:00,3.983,0.19915,20,13,30
2011-12-26 14:00:00,4.173,0.20865,20,14,0
2011-12-26 14:30:00,3.684,0.1842,20,14,30
2011-12-26 15:00:00,4.0889999999999995,0.20444999999999997,20,15,0
2011-12-26 15:30:00,4.76,0.238,20,15,30
2011-12-26 16:00:00,5.023,0.25115,20,16,0
2011-12-26 16:30:00,5.843,0.29215,20,16,30
2011-12-26 17:00:00,5.1750001,0.258750005,20,17,0
2011-12-26 17:30:00,4.2299999999999995,0.21149999999999997,20,17,30
2011-12-26 18:00:00,4.822,0.2411,20,18,0
2011-12-26 18:30:00,4.413,0.22065,20,18,30
2011-12-26 19:00:00,5.481,0.27405,20,19,0
2011-12-26 19:30:00,4.8260001,0.24130000499999998,20,19,30
2011-12-26 20:00:00,4.609,0.23045,20,20,0
2011-12-26 20:30:00,4.295,0.21475,20,20,30
2011-12-26 21:00:00,3.707,0.18535,20,21,0
2011-12-26 21:30:00,3.9690001,0.198450005,20,21,30
2011-12-26 22:00:00,4.26,0.213,20,22,0
2011-12-26 22:30:00,3.702,0.1851,20,22,30
2011-12-26 23:00:00,3.757,0.18785000000000002,20,23,0
2011-12-26 23:30:00,3.4739999999999998,0.1737,20,23,30
2011-12-27 00:00:00,3.879,0.19395,20,0,0
2011-12-27 00:30:00,11.001999900000001,0.5500999950000001,20,0,30
2011-12-27 01:00:00,9.4059999,0.47029999499999997,20,1,0
2011-12-27 01:30:00,7.804,0.3902,20,1,30
2011-12-27 02:00:00,6.3769999,0.318849995,20,2,0
2011-12-27 02:30:00,5.397,0.26985000000000003,20,2,30
2011-12-27 03:00:00,4.9790000999999995,0.24895000499999997,20,3,0
2011-12-27 03:30:00,4.274,0.2137,20,3,30
2011-12-27 04:00:00,4.176,0.2088,20,4,0
2011-12-27 04:30:00,3.5010000000000003,0.17505,20,4,30
2011-12-27 05:00:00,3.565,0.17825,20,5,0
2011-12-27 05:30:00,3.605,0.18025,20,5,30
2011-12-27 06:00:00,2.695,0.13474999999999998,20,6,0
2011-12-27 06:30:00,3.354,0.16770000000000002,20,6,30
2011-12-27 07:00:00,3.4829999999999997,0.17414999999999997,20,7,0
2011-12-27 07:30:00,2.5380000000000003,0.1269,20,7,30
2011-12-27 08:00:00,2.608,0.13040000000000002,20,8,0
2011-12-27 08:30:00,2.825,0.14125000000000001,20,8,30
2011-12-27 09:00:00,2.925,0.14625,20,9,0
2011-12-27 09:30:00,2.616,0.1308,20,9,30
2011-12-27 10:00:00,2.294,0.1147,20,10,0
2011-12-27 10:30:00,2.459,0.12295,20,10,30
2011-12-27 11:00:00,3.3689999999999998,0.16845,20,11,0
2011-12-27 11:30:00,2.935,0.14675,20,11,30
2011-12-27 12:00:00,2.824,0.1412,20,12,0
2011-12-27 12:30:00,2.7800000000000002,0.139,20,12,30
2011-12-27 13:00:00,4.012,0.20059999999999997,20,13,0
2011-12-27 13:30:00,3.972,0.1986,20,13,30
2011-12-27 14:00:00,3.2969999999999997,0.16485,20,14,0
2011-12-27 14:30:00,4.32,0.21600000000000003,20,14,30
2011-12-27 15:00:00,3.796,0.1898,20,15,0
2011-12-27 15:30:00,5.382,0.2691,20,15,30
2011-12-27 16:00:00,6.1209999999999996,0.30605,20,16,0
2011-12-27 16:30:00,5.774,0.2887,20,16,30
2011-12-27 17:00:00,4.735,0.23675000000000002,20,17,0
2011-12-27 17:30:00,4.523,0.22615,20,17,30
2011-12-27 18:00:00,3.702,0.1851,20,18,0
2011-12-27 18:30:00,5.759,0.28795000000000004,20,18,30
2011-12-27 19:00:00,5.897,0.29485,20,19,0
2011-12-27 19:30:00,5.515,0.27575,20,19,30
2011-12-27 20:00:00,5.1930001,0.259650005,20,20,0
2011-12-27 20:30:00,4.824,0.2412,20,20,30
2011-12-27 21:00:00,5.264,0.2632,20,21,0
2011-12-27 21:30:00,5.082,0.2541,20,21,30
2011-12-27 22:00:00,5.027,0.25135,20,22,0
2011-12-27 22:30:00,5.332,0.2666,20,22,30
2011-12-27 23:00:00,5.3309999999999995,0.26654999999999995,20,23,0
2011-12-27 23:30:00,3.845,0.19225,20,23,30
2011-12-28 00:00:00,2.751,0.13755,20,0,0
2011-12-28 00:30:00,10.491000000000001,0.5245500000000001,20,0,30
2011-12-28 01:00:00,9.9629999,0.498149995,20,1,0
2011-12-28 01:30:00,9.8920001,0.494600005,20,1,30
2011-12-28 02:00:00,8.020999999999999,0.40104999999999996,20,2,0
2011-12-28 02:30:00,6.468,0.3234,20,2,30
2011-12-28 03:00:00,5.7060001,0.28530000499999997,20,3,0
2011-12-28 03:30:00,4.9769999,0.248849995,20,3,30
2011-12-28 04:00:00,3.769,0.18845,20,4,0
2011-12-28 04:30:00,4.3100001,0.215500005,20,4,30
2011-12-28 05:00:00,4.9560001,0.247800005,20,5,0
2011-12-28 05:30:00,3.0820000000000003,0.15410000000000001,20,5,30
2011-12-28 06:00:00,3.25,0.1625,20,6,0
2011-12-28 06:30:00,3.661,0.18305,20,6,30
2011-12-28 07:00:00,4.886,0.24430000000000002,20,7,0
2011-12-28 07:30:00,2.271,0.11355,20,7,30
2011-12-28 08:00:00,3.226,0.1613,20,8,0
2011-12-28 08:30:00,3.2159999999999997,0.1608,20,8,30
2011-12-28 09:00:00,3.786,0.1893,20,9,0
2011-12-28 09:30:00,2.829,0.14145000000000002,20,9,30
2011-12-28 10:00:00,3.247,0.16235,20,10,0
2011-12-28 10:30:00,4.579,0.22895,20,10,30
2011-12-28 11:00:00,3.442,0.1721,20,11,0
2011-12-28 11:30:00,3.866,0.1933,20,11,30
2011-12-28 12:00:00,4.38,0.219,20,12,0
2011-12-28 12:30:00,4.479,0.22395,20,12,30
2011-12-28 13:00:00,3.801,0.19005,20,13,0
2011-12-28 13:30:00,4.6000000000000005,0.23000000000000004,20,13,30
2011-12-28 14:00:00,7.558,0.3779,20,14,0
2011-12-28 14:30:00,7.1799999,0.358999995,20,14,30
2011-12-28 15:00:00,6.0030001,0.300150005,20,15,0
2011-12-28 15:30:00,5.3260000000000005,0.26630000000000004,20,15,30
2011-12-28 16:00:00,6.2050000999999995,0.310250005,20,16,0
2011-12-28 16:30:00,6.652,0.3326,20,16,30
2011-12-28 17:00:00,6.2890001,0.314450005,20,17,0
2011-12-28 17:30:00,6.902,0.3451,20,17,30
2011-12-28 18:00:00,6.8170002,0.34085001,20,18,0
2011-12-28 18:30:00,4.734,0.2367,20,18,30
2011-12-28 19:00:00,5.33,0.2665,20,19,0
2011-12-28 19:30:00,5.773,0.28864999999999996,20,19,30
2011-12-28 20:00:00,5.524,0.2762,20,20,0
2011-12-28 20:30:00,5.487,0.27435,20,20,30
2011-12-28 21:00:00,5.628,0.2814,20,21,0
2011-12-28 21:30:00,5.404,0.2702,20,21,30
2011-12-28 22:00:00,6.375,0.31875,20,22,0
2011-12-28 22:30:00,5.46,0.273,20,22,30
2011-12-28 23:00:00,4.91,0.2455,20,23,0
2011-12-28 23:30:00,4.05,0.20249999999999999,20,23,30
2011-12-29 00:00:00,3.442,0.1721,20,0,0
2011-12-29 00:30:00,10.918000000000001,0.5459,20,0,30
2011-12-29 01:00:00,9.663,0.48315,20,1,0
2011-12-29 01:30:00,9.3939999,0.46969999500000004,20,1,30
2011-12-29 02:00:00,8.4769999,0.423849995,20,2,0
2011-12-29 02:30:00,6.215,0.31074999999999997,20,2,30
2011-12-29 03:00:00,4.9869999,0.249349995,20,3,0
2011-12-29 03:30:00,4.9410001,0.24705000500000002,20,3,30
2011-12-29 04:00:00,4.758,0.2379,20,4,0
2011-12-29 04:30:00,3.3400000000000003,0.167,20,4,30
2011-12-29 05:00:00,3.8449999,0.192249995,20,5,0
2011-12-29 05:30:00,3.552,0.1776,20,5,30
2011-12-29 06:00:00,4.067,0.20335,20,6,0
2011-12-29 06:30:00,3.8750000000000004,0.19375000000000003,20,6,30
2011-12-29 07:00:00,3.9370000000000003,0.19685000000000002,20,7,0
2011-12-29 07:30:00,2.066,0.10329999999999999,20,7,30
2011-12-29 08:00:00,2.267,0.11334999999999999,20,8,0
2011-12-29 08:30:00,3.069,0.15345,20,8,30
2011-12-29 09:00:00,2.815,0.14075,20,9,0
2011-12-29 09:30:00,3.496,0.1748,20,9,30
2011-12-29 10:00:00,3.38,0.16899999999999998,20,10,0
2011-12-29 10:30:00,3.989,0.19945,20,10,30
2011-12-29 11:00:00,5.114,0.2557,20,11,0
2011-12-29 11:30:00,4.733,0.23664999999999997,20,11,30
2011-12-29 12:00:00,3.5780000000000003,0.1789,20,12,0
2011-12-29 12:30:00,4.267,0.21335,20,12,30
2011-12-29 13:00:00,5.003,0.25015,20,13,0
2011-12-29 13:30:00,5.7700000000000005,0.28850000000000003,20,13,30
2011-12-29 14:00:00,6.2850000999999995,0.314250005,20,14,0
2011-12-29 14:30:00,8.0999999,0.404999995,20,14,30
2011-12-29 15:00:00,8.1829999,0.40914999500000004,20,15,0
2011-12-29 15:30:00,10.1009999,0.505049995,20,15,30
2011-12-29 16:00:00,7.2090000000000005,0.36045000000000005,20,16,0
2011-12-29 16:30:00,5.633,0.28165,20,16,30
2011-12-29 17:00:00,5.0120000000000005,0.25060000000000004,20,17,0
2011-12-29 17:30:00,4.863,0.24315000000000003,20,17,30
2011-12-29 18:00:00,4.365,0.21825,20,18,0
2011-12-29 18:30:00,3.574,0.1787,20,18,30
2011-12-29 19:00:00,4.821,0.24105,20,19,0
2011-12-29 19:30:00,5.647,0.28235,20,19,30
2011-12-29 20:00:00,5.172,0.2586,20,20,0
2011-12-29 20:30:00,5.317,0.26585000000000003,20,20,30
2011-12-29 21:00:00,5.026,0.25129999999999997,20,21,0
2011-12-29 21:30:00,5.244,0.2622,20,21,30
2011-12-29 22:00:00,4.303,0.21515,20,22,0
2011-12-29 22:30:00,5.741,0.28704999999999997,20,22,30
2011-12-29 23:00:00,4.917,0.24584999999999999,20,23,0
2011-12-29 23:30:00,5.156,0.2578,20,23,30
2011-12-30 00:00:00,3.785,0.18925,20,0,0
2011-12-30 00:30:00,12.3379999,0.616899995,20,0,30
2011-12-30 01:00:00,11.017,0.55085,20,1,0
2011-12-30 01:30:00,10.899,0.5449499999999999,20,1,30
2011-12-30 02:00:00,10.811,0.54055,20,2,0
2011-12-30 02:30:00,8.581,0.42905,20,2,30
2011-12-30 03:00:00,7.1079998,0.35539999,20,3,0
2011-12-30 03:30:00,5.6799999,0.283999995,20,3,30
2011-12-30 04:00:00,5.7700000000000005,0.28850000000000003,20,4,0
2011-12-30 04:30:00,5.1440001,0.257200005,20,4,30
2011-12-30 05:00:00,4.4520001,0.22260000500000002,20,5,0
2011-12-30 05:30:00,3.403,0.17015,20,5,30
2011-12-30 06:00:00,4.177,0.20884999999999998,20,6,0
2011-12-30 06:30:00,4.7350001,0.23675000499999999,20,6,30
2011-12-30 07:00:00,3.351,0.16755,20,7,0
2011-12-30 07:30:00,2.559,0.12795,20,7,30
2011-12-30 08:00:00,3.091,0.15455000000000002,20,8,0
2011-12-30 08:30:00,2.7960000000000003,0.1398,20,8,30
2011-12-30 09:00:00,3.638,0.1819,20,9,0
2011-12-30 09:30:00,2.731,0.13655,20,9,30
2011-12-30 10:00:00,4.555,0.22774999999999998,20,10,0
2011-12-30 10:30:00,4.78,0.23900000000000002,20,10,30
2011-12-30 11:00:00,4.981,0.24905,20,11,0
2011-12-30 11:30:00,5.015,0.25075,20,11,30
2011-12-30 12:00:00,7.5600000000000005,0.378,20,12,0
2011-12-30 12:30:00,7.516,0.3758,20,12,30
2011-12-30 13:00:00,6.49,0.3245,20,13,0
2011-12-30 13:30:00,5.3810001000000005,0.26905000500000004,20,13,30
2011-12-30 14:00:00,6.085999999999999,0.30429999999999996,20,14,0
2011-12-30 14:30:00,4.703,0.23515000000000003,20,14,30
2011-12-30 15:00:00,4.929,0.24645,20,15,0
2011-12-30 15:30:00,5.5249999999999995,0.27625,20,15,30
2011-12-30 16:00:00,7.474,0.37370000000000003,20,16,0
2011-12-30 16:30:00,8.18,0.409,20,16,30
2011-12-30 17:00:00,5.552,0.27759999999999996,20,17,0
2011-12-30 17:30:00,5.662,0.2831,20,17,30
2011-12-30 18:00:00,4.489,0.22444999999999998,20,18,0
2011-12-30 18:30:00,5.865,0.29325,20,18,30
2011-12-30 19:00:00,5.359,0.26795,20,19,0
2011-12-30 19:30:00,5.486,0.2743,20,19,30
2011-12-30 20:00:00,7.1599999,0.357999995,20,20,0
2011-12-30 20:30:00,5.772,0.2886,20,20,30
2011-12-30 21:00:00,6.129,0.30645,20,21,0
2011-12-30 21:30:00,5.231,0.26155,20,21,30
2011-12-30 22:00:00,6.263,0.31315,20,22,0
2011-12-30 22:30:00,6.532,0.3266,20,22,30
2011-12-30 23:00:00,5.307,0.26535000000000003,20,23,0
2011-12-30 23:30:00,4.5889999999999995,0.22945,20,23,30
2011-12-31 00:00:00,3.736,0.18680000000000002,20,0,0
2011-12-31 00:30:00,12.0180001,0.600900005,20,0,30
2011-12-31 01:00:00,10.4319998,0.52159999,20,1,0
2011-12-31 01:30:00,9.1150001,0.45575000499999996,20,1,30
2011-12-31 02:00:00,8.533,0.42665,20,2,0
2011-12-31 02:30:00,7.852,0.3926,20,2,30
2011-12-31 03:00:00,6.152,0.3076,20,3,0
2011-12-31 03:30:00,5.578,0.27890000000000004,20,3,30
2011-12-31 04:00:00,4.7440001,0.237200005,20,4,0
2011-12-31 04:30:00,3.189,0.15945,20,4,30
2011-12-31 05:00:00,4.884,0.24420000000000003,20,5,0
2011-12-31 05:30:00,3.5090000000000003,0.17545000000000002,20,5,30
2011-12-31 06:00:00,3.8909999,0.194549995,20,6,0
2011-12-31 06:30:00,3.86,0.193,20,6,30
2011-12-31 07:00:00,5.479,0.27395,20,7,0
2011-12-31 07:30:00,2.392,0.1196,20,7,30
2011-12-31 08:00:00,3.37,0.1685,20,8,0
2011-12-31 08:30:00,4.0450001,0.202250005,20,8,30
2011-12-31 09:00:00,5.164,0.2582,20,9,0
2011-12-31 09:30:00,4.072,0.2036,20,9,30
2011-12-31 10:00:00,4.0969999999999995,0.20484999999999998,20,10,0
2011-12-31 10:30:00,5.085,0.25425,20,10,30
2011-12-31 11:00:00,4.498,0.22490000000000002,20,11,0
2011-12-31 11:30:00,4.495,0.22475,20,11,30
2011-12-31 12:00:00,5.699,0.28495,20,12,0
2011-12-31 12:30:00,6.9750001,0.348750005,20,12,30
2011-12-31 13:00:00,6.3049999,0.315249995,20,13,0
2011-12-31 13:30:00,5.26,0.263,20,13,30
2011-12-31 14:00:00,7.4380001,0.371900005,20,14,0
2011-12-31 14:30:00,6.638,0.3319,20,14,30
2011-12-31 15:00:00,6.168,0.3084,20,15,0
2011-12-31 15:30:00,5.939,0.29695,20,15,30
2011-12-31 16:00:00,5.999,0.29995,20,16,0
2011-12-31 16:30:00,7.741,0.38705,20,16,30
2011-12-31 17:00:00,6.611,0.33055,20,17,0
2011-12-31 17:30:00,6.851,0.34255,20,17,30
2011-12-31 18:00:00,5.636,0.2818,20,18,0
2011-12-31 18:30:00,6.324,0.3162,20,18,30
2011-12-31 19:00:00,7.3409999,0.367049995,20,19,0
2011-12-31 19:30:00,7.3880001,0.36940000500000003,20,19,30
2011-12-31 20:00:00,6.7,0.335,20,20,0
2011-12-31 20:30:00,5.42,0.271,20,20,30
2011-12-31 21:00:00,6.3600001,0.318000005,20,21,0
2011-12-31 21:30:00,5.496,0.27480000000000004,20,21,30
2011-12-31 22:00:00,6.672,0.3336,20,22,0
2011-12-31 22:30:00,4.903,0.24514999999999998,20,22,30
2011-12-31 23:00:00,4.867,0.24335,20,23,0
2011-12-31 23:30:00,5.5310001,0.276550005,20,23,30
2012-01-01 00:00:00,4.532,0.2266,20,0,0
2012-01-01 00:30:00,12.1400002,0.6070000099999999,20,0,30
2012-01-01 01:00:00,10.954999899999999,0.547749995,20,1,0
2012-01-01 01:30:00,10.2459999,0.512299995,20,1,30
2012-01-01 02:00:00,9.131,0.45655,20,2,0
2012-01-01 02:30:00,7.913,0.39565,20,2,30
2012-01-01 03:00:00,5.97,0.2985,20,3,0
2012-01-01 03:30:00,4.951000100000001,0.24755000500000005,20,3,30
2012-01-01 04:00:00,3.962,0.1981,20,4,0
2012-01-01 04:30:00,3.528,0.1764,20,4,30
2012-01-01 05:00:00,4.531,0.22654999999999997,20,5,0
2012-01-01 05:30:00,4.291,0.21455000000000002,20,5,30
2012-01-01 06:00:00,5.284,0.2642,20,6,0
2012-01-01 06:30:00,5.433,0.27165,20,6,30
2012-01-01 07:00:00,3.4330000000000003,0.17165000000000002,20,7,0
2012-01-01 07:30:00,2.201,0.11005000000000001,20,7,30
2012-01-01 08:00:00,2.5140000000000002,0.1257,20,8,0
2012-01-01 08:30:00,3.242,0.1621,20,8,30
2012-01-01 09:00:00,3.885,0.19424999999999998,20,9,0
2012-01-01 09:30:00,3.368,0.1684,20,9,30
2012-01-01 10:00:00,4.073,0.20365000000000003,20,10,0
2012-01-01 10:30:00,4.037,0.20185,20,10,30
2012-01-01 11:00:00,4.471,0.22355,20,11,0
2012-01-01 11:30:00,4.99,0.2495,20,11,30
2012-01-01 12:00:00,5.2700000000000005,0.2635,20,12,0
2012-01-01 12:30:00,5.681,0.28405,20,12,30
2012-01-01 13:00:00,5.614,0.2807,20,13,0
2012-01-01 13:30:00,5.506,0.2753,20,13,30
2012-01-01 14:00:00,5.476,0.2738,20,14,0
2012-01-01 14:30:00,6.627,0.33135,20,14,30
2012-01-01 15:00:00,8.3890001,0.419450005,20,15,0
2012-01-01 15:30:00,6.827,0.34135,20,15,30
2012-01-01 16:00:00,7.027,0.35135,20,16,0
2012-01-01 16:30:00,6.192,0.3096,20,16,30
2012-01-01 17:00:00,5.345,0.26725,20,17,0
2012-01-01 17:30:00,6.1959998999999994,0.309799995,20,17,30
2012-01-01 18:00:00,5.931,0.29655,20,18,0
2012-01-01 18:30:00,5.4030000000000005,0.27015,20,18,30
2012-01-01 19:00:00,5.819,0.29095,20,19,0
2012-01-01 19:30:00,6.883,0.34415,20,19,30
2012-01-01 20:00:00,6.35,0.3175,20,20,0
2012-01-01 20:30:00,6.454999999999999,0.32275,20,20,30
2012-01-01 21:00:00,6.5020001,0.325100005,20,21,0
2012-01-01 21:30:00,5.822,0.2911,20,21,30
2012-01-01 22:00:00,5.857,0.29285,20,22,0
2012-01-01 22:30:00,5.663,0.28315,20,22,30
2012-01-01 23:00:00,6.418,0.3209,20,23,0
2012-01-01 23:30:00,4.859,0.24295,20,23,30
2012-01-02 00:00:00,3.4899999999999998,0.1745,20,0,0
2012-01-02 00:30:00,12.2470002,0.61235001,20,0,30
2012-01-02 01:00:00,9.172,0.4586,20,1,0
2012-01-02 01:30:00,9.589,0.47945000000000004,20,1,30
2012-01-02 02:00:00,8.313999899999999,0.41569999499999993,20,2,0
2012-01-02 02:30:00,7.119,0.35595,20,2,30
2012-01-02 03:00:00,5.6120001,0.28060000500000004,20,3,0
2012-01-02 03:30:00,5.1249999,0.256249995,20,3,30
2012-01-02 04:00:00,3.6809998999999998,0.184049995,20,4,0
2012-01-02 04:30:00,4.6770001,0.233850005,20,4,30
2012-01-02 05:00:00,4.5980001,0.22990000500000002,20,5,0
2012-01-02 05:30:00,4.092,0.20459999999999998,20,5,30
2012-01-02 06:00:00,4.319,0.21595,20,6,0
2012-01-02 06:30:00,5.094,0.25470000000000004,20,6,30
2012-01-02 07:00:00,5.0600000000000005,0.253,20,7,0
2012-01-02 07:30:00,2.189,0.10945,20,7,30
2012-01-02 08:00:00,3.19,0.1595,20,8,0
2012-01-02 08:30:00,3.75,0.1875,20,8,30
2012-01-02 09:00:00,4.301,0.21505000000000002,20,9,0
2012-01-02 09:30:00,4.6540001,0.23270000500000002,20,9,30
2012-01-02 10:00:00,5.603,0.28015,20,10,0
2012-01-02 10:30:00,6.203000100000001,0.310150005,20,10,30
2012-01-02 11:00:00,4.918,0.2459,20,11,0
2012-01-02 11:30:00,4.932,0.2466,20,11,30
2012-01-02 12:00:00,4.647,0.23235,20,12,0
2012-01-02 12:30:00,5.68,0.284,20,12,30
2012-01-02 13:00:00,5.559,0.27795000000000003,20,13,0
2012-01-02 13:30:00,5.78,0.28900000000000003,20,13,30
2012-01-02 14:00:00,6.4039999,0.32019999499999996,20,14,0
2012-01-02 14:30:00,6.7410000000000005,0.33705,20,14,30
2012-01-02 15:00:00,4.640000000000001,0.23200000000000004,20,15,0
2012-01-02 15:30:00,4.0949999,0.20474999500000002,20,15,30
2012-01-02 16:00:00,3.9859999999999998,0.19929999999999998,20,16,0
2012-01-02 16:30:00,5.416,0.27080000000000004,20,16,30
2012-01-02 17:00:00,4.905,0.24525000000000002,20,17,0
2012-01-02 17:30:00,5.176,0.25880000000000003,20,17,30
2012-01-02 18:00:00,5.378,0.26890000000000003,20,18,0
2012-01-02 18:30:00,7.45,0.3725,20,18,30
2012-01-02 19:00:00,7.041,0.35205000000000003,20,19,0
2012-01-02 19:30:00,6.7059999999999995,0.3353,20,19,30
2012-01-02 20:00:00,6.313,0.31565,20,20,0
2012-01-02 20:30:00,6.254,0.3127,20,20,30
2012-01-02 21:00:00,6.9850001,0.349250005,20,21,0
2012-01-02 21:30:00,6.731,0.33655,20,21,30
2012-01-02 22:00:00,5.803,0.29015,20,22,0
2012-01-02 22:30:00,6.2669999999999995,0.31334999999999996,20,22,30
2012-01-02 23:00:00,5.2669999999999995,0.26335,20,23,0
2012-01-02 23:30:00,4.495,0.22475,20,23,30
2012-01-03 00:00:00,3.018,0.15089999999999998,20,0,0
2012-01-03 00:30:00,11.2590001,0.562950005,20,0,30
2012-01-03 01:00:00,10.3879999,0.519399995,20,1,0
2012-01-03 01:30:00,8.9890001,0.449450005,20,1,30
2012-01-03 02:00:00,9.5399999,0.476999995,20,2,0
2012-01-03 02:30:00,6.8840002,0.34420001,20,2,30
2012-01-03 03:00:00,6.3049999,0.315249995,20,3,0
2012-01-03 03:30:00,4.9229999,0.24614999499999998,20,3,30
2012-01-03 04:00:00,4.1300001,0.20650000500000001,20,4,0
2012-01-03 04:30:00,3.36,0.16799999999999998,20,4,30
2012-01-03 05:00:00,3.76,0.188,20,5,0
2012-01-03 05:30:00,3.934,0.1967,20,5,30
2012-01-03 06:00:00,4.824,0.2412,20,6,0
2012-01-03 06:30:00,5.336,0.26680000000000004,20,6,30
2012-01-03 07:00:00,5.3439999,0.267199995,20,7,0
2012-01-03 07:30:00,2.567,0.12835000000000002,20,7,30
2012-01-03 08:00:00,2.7680000000000002,0.13840000000000002,20,8,0
2012-01-03 08:30:00,2.788,0.1394,20,8,30
2012-01-03 09:00:00,5.892,0.29460000000000003,20,9,0
2012-01-03 09:30:00,6.529,0.32645,20,9,30
2012-01-03 10:00:00,5.147,0.25735,20,10,0
2012-01-03 10:30:00,4.896,0.2448,20,10,30
2012-01-03 11:00:00,6.931,0.34655,20,11,0
2012-01-03 11:30:00,5.763999999999999,0.28819999999999996,20,11,30
2012-01-03 12:00:00,6.585,0.32925,20,12,0
2012-01-03 12:30:00,9.8479999,0.492399995,20,12,30
2012-01-03 13:00:00,6.394,0.3197,20,13,0
2012-01-03 13:30:00,5.953,0.29765,20,13,30
2012-01-03 14:00:00,5.154,0.2577,20,14,0
2012-01-03 14:30:00,4.548,0.2274,20,14,30
2012-01-03 15:00:00,4.33,0.2165,20,15,0
2012-01-03 15:30:00,7.1410001,0.357050005,20,15,30
2012-01-03 16:00:00,4.487,0.22435,20,16,0
2012-01-03 16:30:00,4.44,0.22200000000000003,20,16,30
2012-01-03 17:00:00,5.096,0.2548,20,17,0
2012-01-03 17:30:00,6.6210001,0.331050005,20,17,30
2012-01-03 18:00:00,6.9360001,0.346800005,20,18,0
2012-01-03 18:30:00,6.051,0.30255,20,18,30
2012-01-03 19:00:00,4.652,0.2326,20,19,0
2012-01-03 19:30:00,5.396,0.2698,20,19,30
2012-01-03 20:00:00,6.0440001,0.302200005,20,20,0
2012-01-03 20:30:00,5.35,0.26749999999999996,20,20,30
2012-01-03 21:00:00,5.06,0.253,20,21,0
2012-01-03 21:30:00,5.158,0.2579,20,21,30
2012-01-03 22:00:00,4.9830000000000005,0.24915000000000004,20,22,0
2012-01-03 22:30:00,4.89,0.2445,20,22,30
2012-01-03 23:00:00,4.8629999999999995,0.24314999999999998,20,23,0
2012-01-03 23:30:00,3.18,0.159,20,23,30
2012-01-04 00:00:00,2.942,0.1471,20,0,0
2012-01-04 00:30:00,12.203,0.61015,20,0,30
2012-01-04 01:00:00,9.461,0.47305,20,1,0
2012-01-04 01:30:00,9.611,0.48055000000000003,20,1,30
2012-01-04 02:00:00,8.4239998,0.42119999,20,2,0
2012-01-04 02:30:00,8.3100002,0.41550001,20,2,30
2012-01-04 03:00:00,6.0450001,0.302250005,20,3,0
2012-01-04 03:30:00,5.4569999000000005,0.272849995,20,3,30
2012-01-04 04:00:00,4.7750001,0.238750005,20,4,0
2012-01-04 04:30:00,4.7669999,0.238349995,20,4,30
2012-01-04 05:00:00,3.669,0.18345,20,5,0
2012-01-04 05:30:00,3.126,0.1563,20,5,30
2012-01-04 06:00:00,3.191,0.15955,20,6,0
2012-01-04 06:30:00,3.9850000000000003,0.19925,20,6,30
2012-01-04 07:00:00,4.343,0.21715,20,7,0
2012-01-04 07:30:00,2.246,0.1123,20,7,30
2012-01-04 08:00:00,2.404,0.1202,20,8,0
2012-01-04 08:30:00,3.23,0.1615,20,8,30
2012-01-04 09:00:00,4.383,0.21915,20,9,0
2012-01-04 09:30:00,4.717,0.23584999999999998,20,9,30
2012-01-04 10:00:00,5.489,0.27444999999999997,20,10,0
2012-01-04 10:30:00,4.721,0.23605,20,10,30
2012-01-04 11:00:00,6.7990001,0.339950005,20,11,0
2012-01-04 11:30:00,4.398,0.21989999999999998,20,11,30
2012-01-04 12:00:00,5.2989999999999995,0.26494999999999996,20,12,0
2012-01-04 12:30:00,5.467999900000001,0.273399995,20,12,30
2012-01-04 13:00:00,5.348,0.26739999999999997,20,13,0
2012-01-04 13:30:00,4.253,0.21265,20,13,30
2012-01-04 14:00:00,5.8890001000000005,0.294450005,20,14,0
2012-01-04 14:30:00,4.03,0.2015,20,14,30
2012-01-04 15:00:00,5.8360001,0.291800005,20,15,0
2012-01-04 15:30:00,4.4479999,0.22239999500000002,20,15,30
2012-01-04 16:00:00,4.56,0.22799999999999998,20,16,0
2012-01-04 16:30:00,6.0119999,0.300599995,20,16,30
2012-01-04 17:00:00,6.4459999,0.322299995,20,17,0
2012-01-04 17:30:00,8.3839998,0.41919998999999997,20,17,30
2012-01-04 18:00:00,7.12,0.356,20,18,0
2012-01-04 18:30:00,5.91,0.2955,20,18,30
2012-01-04 19:00:00,8.3349999,0.416749995,20,19,0
2012-01-04 19:30:00,8.556000000000001,0.42780000000000007,20,19,30
2012-01-04 20:00:00,8.427,0.42135,20,20,0
2012-01-04 20:30:00,6.52,0.32599999999999996,20,20,30
2012-01-04 21:00:00,5.279,0.26395,20,21,0
2012-01-04 21:30:00,6.025,0.30125,20,21,30
2012-01-04 22:00:00,5.987,0.29935,20,22,0
2012-01-04 22:30:00,5.352,0.2676,20,22,30
2012-01-04 23:00:00,4.784,0.2392,20,23,0
2012-01-04 23:30:00,3.568,0.1784,20,23,30
2012-01-05 00:00:00,3.844,0.19219999999999998,20,0,0
2012-01-05 00:30:00,11.292999799999999,0.5646499899999999,20,0,30
2012-01-05 01:00:00,11.0429998,0.55214999,20,1,0
2012-01-05 01:30:00,9.0730001,0.45365000499999997,20,1,30
2012-01-05 02:00:00,9.3090001,0.465450005,20,2,0
2012-01-05 02:30:00,7.6940001,0.384700005,20,2,30
2012-01-05 03:00:00,5.9559999999999995,0.29779999999999995,20,3,0
2012-01-05 03:30:00,5.664,0.2832,20,3,30
2012-01-05 04:00:00,4.05,0.20249999999999999,20,4,0
2012-01-05 04:30:00,3.52,0.176,20,4,30
2012-01-05 05:00:00,4.686,0.2343,20,5,0
2012-01-05 05:30:00,3.249,0.16245,20,5,30
2012-01-05 06:00:00,4.75,0.2375,20,6,0
2012-01-05 06:30:00,3.9339999999999997,0.19669999999999999,20,6,30
2012-01-05 07:00:00,4.0659999000000004,0.203299995,20,7,0
2012-01-05 07:30:00,2.338,0.1169,20,7,30
2012-01-05 08:00:00,3.5,0.175,20,8,0
2012-01-05 08:30:00,4.3119999,0.215599995,20,8,30
2012-01-05 09:00:00,4.6209999999999996,0.23104999999999998,20,9,0
2012-01-05 09:30:00,3.361,0.16805,20,9,30
2012-01-05 10:00:00,4.002,0.2001,20,10,0
2012-01-05 10:30:00,3.651,0.18255,20,10,30
2012-01-05 11:00:00,7.7669999999999995,0.38835,20,11,0
2012-01-05 11:30:00,6.305,0.31525,20,11,30
2012-01-05 12:00:00,5.78,0.28900000000000003,20,12,0
2012-01-05 12:30:00,6.1499999999999995,0.3075,20,12,30
2012-01-05 13:00:00,6.787,0.33935,20,13,0
2012-01-05 13:30:00,6.6589999,0.332949995,20,13,30
2012-01-05 14:00:00,6.639,0.33195,20,14,0
2012-01-05 14:30:00,7.683,0.38415,20,14,30
2012-01-05 15:00:00,6.792999999999999,0.33964999999999995,20,15,0
2012-01-05 15:30:00,7.7599998999999995,0.387999995,20,15,30
2012-01-05 16:00:00,7.103,0.35514999999999997,20,16,0
2012-01-05 16:30:00,7.7050001,0.385250005,20,16,30
2012-01-05 17:00:00,7.7509999999999994,0.38754999999999995,20,17,0
2012-01-05 17:30:00,8.254,0.41269999999999996,20,17,30
2012-01-05 18:00:00,8.356,0.4178,20,18,0
2012-01-05 18:30:00,7.2290001,0.361450005,20,18,30
2012-01-05 19:00:00,6.619,0.33094999999999997,20,19,0
2012-01-05 19:30:00,8.0539999,0.40269999500000003,20,19,30
2012-01-05 20:00:00,5.851,0.29255,20,20,0
2012-01-05 20:30:00,5.34,0.267,20,20,30
2012-01-05 21:00:00,5.252,0.2626,20,21,0
2012-01-05 21:30:00,6.096,0.3048,20,21,30
2012-01-05 22:00:00,6.3089999,0.315449995,20,22,0
2012-01-05 22:30:00,6.958,0.3479,20,22,30
2012-01-05 23:00:00,4.994,0.24969999999999998,20,23,0
2012-01-05 23:30:00,4.813,0.24064999999999998,20,23,30
2012-01-06 00:00:00,3.4219999999999997,0.17109999999999997,20,0,0
2012-01-06 00:30:00,11.654,0.5827,20,0,30
2012-01-06 01:00:00,10.1800002,0.5090000100000001,20,1,0
2012-01-06 01:30:00,9.6060002,0.48030001,20,1,30
2012-01-06 02:00:00,8.849,0.44245,20,2,0
2012-01-06 02:30:00,7.3369999,0.36684999500000004,20,2,30
2012-01-06 03:00:00,5.7669999,0.288349995,20,3,0
2012-01-06 03:30:00,5.8039999,0.290199995,20,3,30
2012-01-06 04:00:00,4.381,0.21905000000000002,20,4,0
2012-01-06 04:30:00,3.749,0.18745,20,4,30
2012-01-06 05:00:00,4.8599999,0.242999995,20,5,0
2012-01-06 05:30:00,5.0759999,0.253799995,20,5,30
2012-01-06 06:00:00,4.627,0.23135,20,6,0
2012-01-06 06:30:00,4.954,0.24769999999999998,20,6,30
2012-01-06 07:00:00,4.952,0.2476,20,7,0
2012-01-06 07:30:00,3.215,0.16075,20,7,30
2012-01-06 08:00:00,4.032,0.2016,20,8,0
2012-01-06 08:30:00,8.6440002,0.43220001,20,8,30
2012-01-06 09:00:00,5.947,0.29735,20,9,0
2012-01-06 09:30:00,5.345,0.26725,20,9,30
2012-01-06 10:00:00,3.9330000000000003,0.19665000000000002,20,10,0
2012-01-06 10:30:00,3.574,0.1787,20,10,30
2012-01-06 11:00:00,4.494,0.22469999999999998,20,11,0
2012-01-06 11:30:00,4.447,0.22235,20,11,30
2012-01-06 12:00:00,3.74,0.187,20,12,0
2012-01-06 12:30:00,4.399,0.21995,20,12,30
2012-01-06 13:00:00,5.061,0.25305,20,13,0
2012-01-06 13:30:00,4.843,0.24215,20,13,30
2012-01-06 14:00:00,4.449,0.22244999999999998,20,14,0
2012-01-06 14:30:00,5.648000000000001,0.28240000000000004,20,14,30
2012-01-06 15:00:00,3.2399999999999998,0.16199999999999998,20,15,0
2012-01-06 15:30:00,3.28,0.16399999999999998,20,15,30
2012-01-06 16:00:00,3.731,0.18655,20,16,0
2012-01-06 16:30:00,4.531,0.22654999999999997,20,16,30
2012-01-06 17:00:00,5.124,0.2562,20,17,0
2012-01-06 17:30:00,6.9319999,0.346599995,20,17,30
2012-01-06 18:00:00,5.471,0.27355,20,18,0
2012-01-06 18:30:00,5.6979999999999995,0.2849,20,18,30
2012-01-06 19:00:00,6.996,0.3498,20,19,0
2012-01-06 19:30:00,5.99,0.2995,20,19,30
2012-01-06 20:00:00,5.682,0.2841,20,20,0
2012-01-06 20:30:00,5.295,0.26475,20,20,30
2012-01-06 21:00:00,5.702,0.2851,20,21,0
2012-01-06 21:30:00,5.307,0.26535000000000003,20,21,30
2012-01-06 22:00:00,5.073,0.25365000000000004,20,22,0
2012-01-06 22:30:00,4.704,0.2352,20,22,30
2012-01-06 23:00:00,4.888,0.2444,20,23,0
2012-01-06 23:30:00,4.263,0.21315,20,23,30
2012-01-07 00:00:00,4.4639999999999995,0.22319999999999998,20,0,0
2012-01-07 00:30:00,12.849,0.64245,20,0,30
2012-01-07 01:00:00,10.514,0.5257,20,1,0
2012-01-07 01:30:00,9.578,0.4789,20,1,30
2012-01-07 02:00:00,9.2480001,0.462400005,20,2,0
2012-01-07 02:30:00,8.8700001,0.44350000500000003,20,2,30
2012-01-07 03:00:00,7.8360001,0.391800005,20,3,0
2012-01-07 03:30:00,6.4890001999999996,0.32445000999999996,20,3,30
2012-01-07 04:00:00,4.895,0.24474999999999997,20,4,0
2012-01-07 04:30:00,3.891,0.19455,20,4,30
2012-01-07 05:00:00,3.636,0.18180000000000002,20,5,0
2012-01-07 05:30:00,3.865,0.19325,20,5,30
2012-01-07 06:00:00,3.6630000000000003,0.18315,20,6,0
2012-01-07 06:30:00,3.678,0.1839,20,6,30
2012-01-07 07:00:00,5.767,0.28835,20,7,0
2012-01-07 07:30:00,2.969,0.14845,20,7,30
2012-01-07 08:00:00,2.7560000000000002,0.1378,20,8,0
2012-01-07 08:30:00,3.611,0.18055000000000002,20,8,30
2012-01-07 09:00:00,3.521,0.17604999999999998,20,9,0
2012-01-07 09:30:00,2.955,0.14775,20,9,30
2012-01-07 10:00:00,3.215,0.16075,20,10,0
2012-01-07 10:30:00,3.63,0.1815,20,10,30
2012-01-07 11:00:00,4.153,0.20764999999999997,20,11,0
2012-01-07 11:30:00,4.267,0.21335,20,11,30
2012-01-07 12:00:00,3.9570000000000003,0.19785000000000003,20,12,0
2012-01-07 12:30:00,4.546,0.2273,20,12,30
2012-01-07 13:00:00,4.7170000000000005,0.23585000000000003,20,13,0
2012-01-07 13:30:00,4.769,0.23845,20,13,30
2012-01-07 14:00:00,4.899,0.24495,20,14,0
2012-01-07 14:30:00,4.072,0.2036,20,14,30
2012-01-07 15:00:00,4.313,0.21564999999999998,20,15,0
2012-01-07 15:30:00,9.0390001,0.45195000500000004,20,15,30
2012-01-07 16:00:00,4.062,0.2031,20,16,0
2012-01-07 16:30:00,4.1530000000000005,0.20765000000000003,20,16,30
2012-01-07 17:00:00,4.392,0.21960000000000002,20,17,0
2012-01-07 17:30:00,5.29,0.2645,20,17,30
2012-01-07 18:00:00,5.782,0.2891,20,18,0
2012-01-07 18:30:00,5.742,0.2871,20,18,30
2012-01-07 19:00:00,5.8309999999999995,0.29155,20,19,0
2012-01-07 19:30:00,6.7079999,0.335399995,20,19,30
2012-01-07 20:00:00,6.054,0.3027,20,20,0
2012-01-07 20:30:00,5.859,0.29295,20,20,30
2012-01-07 21:00:00,5.804,0.2902,20,21,0
2012-01-07 21:30:00,5.382,0.2691,20,21,30
2012-01-07 22:00:00,5.9340001,0.29670000500000004,20,22,0
2012-01-07 22:30:00,5.281,0.26405,20,22,30
2012-01-07 23:00:00,5.098,0.2549,20,23,0
2012-01-07 23:30:00,5.72,0.286,20,23,30
2012-01-08 00:00:00,4.233,0.21164999999999998,20,0,0
2012-01-08 00:30:00,12.199,0.60995,20,0,30
2012-01-08 01:00:00,9.4919999,0.474599995,20,1,0
2012-01-08 01:30:00,7.83,0.3915,20,1,30
2012-01-08 02:00:00,7.149,0.35745,20,2,0
2012-01-08 02:30:00,6.758,0.3379,20,2,30
2012-01-08 03:00:00,6.6609998,0.33304999,20,3,0
2012-01-08 03:30:00,6.1890002,0.30945001,20,3,30
2012-01-08 04:00:00,5.6199999,0.280999995,20,4,0
2012-01-08 04:30:00,4.105,0.20525000000000002,20,4,30
2012-01-08 05:00:00,3.6499999,0.182499995,20,5,0
2012-01-08 05:30:00,3.572,0.1786,20,5,30
2012-01-08 06:00:00,3.653,0.18265,20,6,0
2012-01-08 06:30:00,3.741,0.18705,20,6,30
2012-01-08 07:00:00,3.722,0.1861,20,7,0
2012-01-08 07:30:00,2.394,0.1197,20,7,30
2012-01-08 08:00:00,3.2720000000000002,0.16360000000000002,20,8,0
2012-01-08 08:30:00,3.741,0.18705,20,8,30
2012-01-08 09:00:00,4.451,0.22254999999999997,20,9,0
2012-01-08 09:30:00,5.174,0.25870000000000004,20,9,30
2012-01-08 10:00:00,5.9889999,0.29944999499999997,20,10,0
2012-01-08 10:30:00,6.181,0.30905,20,10,30
2012-01-08 11:00:00,6.343,0.31715,20,11,0
2012-01-08 11:30:00,7.3469999,0.367349995,20,11,30
2012-01-08 12:00:00,6.526,0.3263,20,12,0
2012-01-08 12:30:00,5.244,0.2622,20,12,30
2012-01-08 13:00:00,5.6410001,0.282050005,20,13,0
2012-01-08 13:30:00,5.559,0.27795000000000003,20,13,30
2012-01-08 14:00:00,7.6290000000000004,0.38145,20,14,0
2012-01-08 14:30:00,7.4680001,0.37340000500000003,20,14,30
2012-01-08 15:00:00,5.792,0.28959999999999997,20,15,0
2012-01-08 15:30:00,5.301,0.26505,20,15,30
2012-01-08 16:00:00,4.913,0.24565,20,16,0
2012-01-08 16:30:00,6.668,0.33340000000000003,20,16,30
2012-01-08 17:00:00,6.893,0.34465,20,17,0
2012-01-08 17:30:00,8.9120001,0.445600005,20,17,30
2012-01-08 18:00:00,8.261,0.41305,20,18,0
2012-01-08 18:30:00,7.540000099999999,0.37700000499999997,20,18,30
2012-01-08 19:00:00,5.612,0.2806,20,19,0
2012-01-08 19:30:00,5.765000000000001,0.28825,20,19,30
2012-01-08 20:00:00,6.6,0.32999999999999996,20,20,0
2012-01-08 20:30:00,6.648000000000001,0.33240000000000003,20,20,30
2012-01-08 21:00:00,5.883,0.29415,20,21,0
2012-01-08 21:30:00,5.792,0.28959999999999997,20,21,30
2012-01-08 22:00:00,5.941,0.29705,20,22,0
2012-01-08 22:30:00,5.647,0.28235,20,22,30
2012-01-08 23:00:00,5.742999999999999,0.28714999999999996,20,23,0
2012-01-08 23:30:00,4.4299999,0.221499995,20,23,30
2012-01-09 00:00:00,4.269,0.21345,20,0,0
2012-01-09 00:30:00,10.8650001,0.543250005,20,0,30
2012-01-09 01:00:00,8.958,0.4479,20,1,0
2012-01-09 01:30:00,9.044,0.45220000000000005,20,1,30
2012-01-09 02:00:00,8.0930002,0.40465001,20,2,0
2012-01-09 02:30:00,6.7950001,0.339750005,20,2,30
2012-01-09 03:00:00,7.6830001,0.384150005,20,3,0
2012-01-09 03:30:00,4.986,0.2493,20,3,30
2012-01-09 04:00:00,3.822,0.1911,20,4,0
2012-01-09 04:30:00,4.526,0.2263,20,4,30
2012-01-09 05:00:00,3.653,0.18265,20,5,0
2012-01-09 05:30:00,3.763,0.18814999999999998,20,5,30
2012-01-09 06:00:00,3.0620001,0.153100005,20,6,0
2012-01-09 06:30:00,3.6609999,0.18304999500000002,20,6,30
2012-01-09 07:00:00,3.7720000000000002,0.18860000000000002,20,7,0
2012-01-09 07:30:00,2.997,0.14984999999999998,20,7,30
2012-01-09 08:00:00,5.089,0.25445,20,8,0
2012-01-09 08:30:00,6.3340000000000005,0.31670000000000004,20,8,30
2012-01-09 09:00:00,4.476,0.2238,20,9,0
2012-01-09 09:30:00,3.38,0.16899999999999998,20,9,30
2012-01-09 10:00:00,4.261,0.21305000000000002,20,10,0
2012-01-09 10:30:00,4.181,0.20905,20,10,30
2012-01-09 11:00:00,4.328,0.2164,20,11,0
2012-01-09 11:30:00,5.37,0.2685,20,11,30
2012-01-09 12:00:00,5.1209999999999996,0.25605,20,12,0
2012-01-09 12:30:00,6.307,0.31535,20,12,30
2012-01-09 13:00:00,7.2979999,0.364899995,20,13,0
2012-01-09 13:30:00,5.332,0.2666,20,13,30
2012-01-09 14:00:00,5.429,0.27145,20,14,0
2012-01-09 14:30:00,6.7990001,0.339950005,20,14,30
2012-01-09 15:00:00,5.329,0.26644999999999996,20,15,0
2012-01-09 15:30:00,5.62,0.281,20,15,30
2012-01-09 16:00:00,5.573,0.27865,20,16,0
2012-01-09 16:30:00,6.335,0.31675,20,16,30
2012-01-09 17:00:00,5.958,0.2979,20,17,0
2012-01-09 17:30:00,6.5429999,0.32714999499999997,20,17,30
2012-01-09 18:00:00,6.93,0.3465,20,18,0
2012-01-09 18:30:00,6.035,0.30175,20,18,30
2012-01-09 19:00:00,5.544,0.2772,20,19,0
2012-01-09 19:30:00,6.21,0.3105,20,19,30
2012-01-09 20:00:00,6.882,0.34409999999999996,20,20,0
2012-01-09 20:30:00,7.309,0.36545,20,20,30
2012-01-09 21:00:00,6.7479999,0.337399995,20,21,0
2012-01-09 21:30:00,6.359,0.31795,20,21,30
2012-01-09 22:00:00,6.275,0.31375000000000003,20,22,0
2012-01-09 22:30:00,4.787,0.23935,20,22,30
2012-01-09 23:00:00,5.501,0.27505,20,23,0
2012-01-09 23:30:00,4.3709999999999996,0.21854999999999997,20,23,30
2012-01-10 00:00:00,4.4159999999999995,0.22079999999999997,20,0,0
2012-01-10 00:30:00,11.1519998,0.55759999,20,0,30
2012-01-10 01:00:00,8.8499999,0.44249999500000003,20,1,0
2012-01-10 01:30:00,8.2969999,0.41484999499999997,20,1,30
2012-01-10 02:00:00,7.7380001,0.386900005,20,2,0
2012-01-10 02:30:00,7.0379999,0.351899995,20,2,30
2012-01-10 03:00:00,6.7010002,0.33505001,20,3,0
2012-01-10 03:30:00,5.005,0.25025,20,3,30
2012-01-10 04:00:00,4.433,0.22164999999999999,20,4,0
2012-01-10 04:30:00,4.382,0.2191,20,4,30
2012-01-10 05:00:00,3.5429999999999997,0.17714999999999997,20,5,0
2012-01-10 05:30:00,3.949,0.19745,20,5,30
2012-01-10 06:00:00,4.551,0.22755,20,6,0
2012-01-10 06:30:00,4.915,0.24575,20,6,30
2012-01-10 07:00:00,3.1670000000000003,0.15835000000000002,20,7,0
2012-01-10 07:30:00,2.621,0.13105,20,7,30
2012-01-10 08:00:00,3.974,0.19870000000000002,20,8,0
2012-01-10 08:30:00,3.576,0.17880000000000001,20,8,30
2012-01-10 09:00:00,4.515,0.22574999999999998,20,9,0
2012-01-10 09:30:00,4.007,0.20034999999999997,20,9,30
2012-01-10 10:00:00,4.91,0.2455,20,10,0
2012-01-10 10:30:00,5.776,0.2888,20,10,30
2012-01-10 11:00:00,6.9719999999999995,0.34859999999999997,20,11,0
2012-01-10 11:30:00,4.804,0.24020000000000002,20,11,30
2012-01-10 12:00:00,5.699,0.28495,20,12,0
2012-01-10 12:30:00,4.939,0.24695,20,12,30
2012-01-10 13:00:00,3.722,0.1861,20,13,0
2012-01-10 13:30:00,3.686,0.1843,20,13,30
2012-01-10 14:00:00,3.289,0.16445,20,14,0
2012-01-10 14:30:00,3.497,0.17485,20,14,30
2012-01-10 15:00:00,3.683,0.18414999999999998,20,15,0
2012-01-10 15:30:00,5.879,0.29395,20,15,30
2012-01-10 16:00:00,4.349,0.21745,20,16,0
2012-01-10 16:30:00,4.031,0.20154999999999998,20,16,30
2012-01-10 17:00:00,4.213,0.21065,20,17,0
2012-01-10 17:30:00,5.426,0.2713,20,17,30
2012-01-10 18:00:00,5.617,0.28085,20,18,0
2012-01-10 18:30:00,5.4209999,0.271049995,20,18,30
2012-01-10 19:00:00,6.213,0.31065,20,19,0
2012-01-10 19:30:00,5.1,0.255,20,19,30
2012-01-10 20:00:00,6.34,0.317,20,20,0
2012-01-10 20:30:00,7.923,0.39615,20,20,30
2012-01-10 21:00:00,7.101999999999999,0.35509999999999997,20,21,0
2012-01-10 21:30:00,6.2339999,0.311699995,20,21,30
2012-01-10 22:00:00,5.724,0.2862,20,22,0
2012-01-10 22:30:00,8.0749999,0.403749995,20,22,30
2012-01-10 23:00:00,5.9469999,0.297349995,20,23,0
2012-01-10 23:30:00,3.294,0.1647,20,23,30
2012-01-11 00:00:00,2.772,0.1386,20,0,0
2012-01-11 00:30:00,10.7270002,0.53635001,20,0,30
2012-01-11 01:00:00,9.9059999,0.495299995,20,1,0
2012-01-11 01:30:00,7.62,0.381,20,1,30
2012-01-11 02:00:00,7.4570001,0.3924736894736842,19,2,0
2012-01-11 02:30:00,6.1889999,0.309449995,20,2,30
2012-01-11 03:00:00,6.2400001,0.31200000499999997,20,3,0
2012-01-11 03:30:00,5.2589999999999995,0.26294999999999996,20,3,30
2012-01-11 04:00:00,4.29,0.2145,20,4,0
2012-01-11 04:30:00,3.406,0.1703,20,4,30
2012-01-11 05:00:00,4.4590000000000005,0.22295000000000004,20,5,0
2012-01-11 05:30:00,4.38,0.219,20,5,30
2012-01-11 06:00:00,3.4900001,0.174500005,20,6,0
2012-01-11 06:30:00,3.967,0.19835,20,6,30
2012-01-11 07:00:00,5.295,0.26475,20,7,0
2012-01-11 07:30:00,2.444,0.1222,20,7,30
2012-01-11 08:00:00,3.559,0.17795,20,8,0
2012-01-11 08:30:00,4.1290000000000004,0.20645000000000002,20,8,30
2012-01-11 09:00:00,5.088,0.2544,20,9,0
2012-01-11 09:30:00,5.4259999,0.271299995,20,9,30
2012-01-11 10:00:00,5.68,0.284,20,10,0
2012-01-11 10:30:00,5.9780001,0.298900005,20,10,30
2012-01-11 11:00:00,5.128,0.2564,20,11,0
2012-01-11 11:30:00,4.375,0.21875,20,11,30
2012-01-11 12:00:00,4.125,0.20625,20,12,0
2012-01-11 12:30:00,4.494,0.22469999999999998,20,12,30
2012-01-11 13:00:00,4.966,0.24830000000000002,20,13,0
2012-01-11 13:30:00,4.4559999999999995,0.22279999999999997,20,13,30
2012-01-11 14:00:00,7.0440001,0.352200005,20,14,0
2012-01-11 14:30:00,4.835999999999999,0.24179999999999996,20,14,30
2012-01-11 15:00:00,3.9459999999999997,0.19729999999999998,20,15,0
2012-01-11 15:30:00,5.669,0.28345,20,15,30
2012-01-11 16:00:00,4.374,0.21869999999999998,20,16,0
2012-01-11 16:30:00,4.2780000000000005,0.21390000000000003,20,16,30
2012-01-11 17:00:00,4.176,0.2088,20,17,0
2012-01-11 17:30:00,4.824,0.2412,20,17,30
2012-01-11 18:00:00,5.176,0.25880000000000003,20,18,0
2012-01-11 18:30:00,5.949,0.29745,20,18,30
2012-01-11 19:00:00,6.8629999,0.343149995,20,19,0
2012-01-11 19:30:00,6.9430000000000005,0.34715,20,19,30
2012-01-11 20:00:00,6.616,0.3308,20,20,0
2012-01-11 20:30:00,6.4560001,0.322800005,20,20,30
2012-01-11 21:00:00,5.7989999,0.289949995,20,21,0
2012-01-11 21:30:00,6.014,0.3007,20,21,30
2012-01-11 22:00:00,5.411,0.27054999999999996,20,22,0
2012-01-11 22:30:00,5.044,0.2522,20,22,30
2012-01-11 23:00:00,3.154,0.1577,20,23,0
2012-01-11 23:30:00,2.771,0.13855,20,23,30
2012-01-12 00:00:00,3.038,0.15189999999999998,20,0,0
2012-01-12 00:30:00,10.458,0.5229,20,0,30
2012-01-12 01:00:00,8.85,0.4425,20,1,0
2012-01-12 01:30:00,8.6069999,0.430349995,20,1,30
2012-01-12 02:00:00,7.571,0.37855,20,2,0
2012-01-12 02:30:00,6.7109999,0.335549995,20,2,30
2012-01-12 03:00:00,6.1339999,0.306699995,20,3,0
2012-01-12 03:30:00,5.492,0.2746,20,3,30
2012-01-12 04:00:00,3.8840001,0.194200005,20,4,0
2012-01-12 04:30:00,4.0360000000000005,0.20180000000000003,20,4,30
2012-01-12 05:00:00,4.387,0.21935,20,5,0
2012-01-12 05:30:00,3.7659998999999997,0.188299995,20,5,30
2012-01-12 06:00:00,3.93,0.1965,20,6,0
2012-01-12 06:30:00,3.638,0.1819,20,6,30
2012-01-12 07:00:00,4.855,0.24275000000000002,20,7,0
2012-01-12 07:30:00,2.971,0.14855000000000002,20,7,30
2012-01-12 08:00:00,3.355,0.16775,20,8,0
2012-01-12 08:30:00,3.569,0.17845,20,8,30
2012-01-12 09:00:00,5.958,0.2979,20,9,0
2012-01-12 09:30:00,5.385,0.26925,20,9,30
2012-01-12 10:00:00,6.103,0.30515,20,10,0
2012-01-12 10:30:00,5.279,0.26395,20,10,30
2012-01-12 11:00:00,5.558,0.2779,20,11,0
2012-01-12 11:30:00,5.841,0.29205000000000003,20,11,30
2012-01-12 12:00:00,6.6200001,0.33100000500000004,20,12,0
2012-01-12 12:30:00,7.6189998,0.38094999,20,12,30
2012-01-12 13:00:00,6.7880001,0.339400005,20,13,0
2012-01-12 13:30:00,5.931,0.29655,20,13,30
2012-01-12 14:00:00,6.672000000000001,0.3336,20,14,0
2012-01-12 14:30:00,5.969,0.29845,20,14,30
2012-01-12 15:00:00,5.367,0.26835,20,15,0
2012-01-12 15:30:00,3.3779999999999997,0.1689,20,15,30
2012-01-12 16:00:00,5.021,0.25105,20,16,0
2012-01-12 16:30:00,4.2540000000000004,0.21270000000000003,20,16,30
2012-01-12 17:00:00,5.306,0.2653,20,17,0
2012-01-12 17:30:00,5.6930000000000005,0.28465,20,17,30
2012-01-12 18:00:00,6.4960001,0.324800005,20,18,0
2012-01-12 18:30:00,7.328,0.3664,20,18,30
2012-01-12 19:00:00,6.677,0.33385,20,19,0
2012-01-12 19:30:00,5.197,0.25985,20,19,30
2012-01-12 20:00:00,5.206,0.26030000000000003,20,20,0
2012-01-12 20:30:00,5.503,0.27515,20,20,30
2012-01-12 21:00:00,5.855,0.29275,20,21,0
2012-01-12 21:30:00,6.018,0.3009,20,21,30
2012-01-12 22:00:00,4.51,0.22549999999999998,20,22,0
2012-01-12 22:30:00,4.619,0.23095,20,22,30
2012-01-12 23:00:00,4.0040000000000004,0.20020000000000002,20,23,0
2012-01-12 23:30:00,4.206,0.21030000000000001,20,23,30
2012-01-13 00:00:00,3.026,0.1513,20,0,0
2012-01-13 00:30:00,10.1470001,0.5073500049999999,20,0,30
2012-01-13 01:00:00,9.2689999,0.46344999500000006,20,1,0
2012-01-13 01:30:00,7.914,0.3957,20,1,30
2012-01-13 02:00:00,6.9999999,0.349999995,20,2,0
2012-01-13 02:30:00,7.131,0.35655000000000003,20,2,30
2012-01-13 03:00:00,6.846,0.3423,20,3,0
2012-01-13 03:30:00,6.6899999,0.334499995,20,3,30
2012-01-13 04:00:00,5.501,0.27505,20,4,0
2012-01-13 04:30:00,5.0660001,0.253300005,20,4,30
2012-01-13 05:00:00,4.856,0.2428,20,5,0
2012-01-13 05:30:00,4.285,0.21425,20,5,30
2012-01-13 06:00:00,3.891,0.19455,20,6,0
2012-01-13 06:30:00,4.011,0.20055,20,6,30
2012-01-13 07:00:00,3.353,0.16765000000000002,20,7,0
2012-01-13 07:30:00,2.8080000000000003,0.14040000000000002,20,7,30
2012-01-13 08:00:00,4.066,0.20329999999999998,20,8,0
2012-01-13 08:30:00,4.054,0.20270000000000002,20,8,30
2012-01-13 09:00:00,5.26,0.263,20,9,0
2012-01-13 09:30:00,4.0440000000000005,0.20220000000000002,20,9,30
2012-01-13 10:00:00,3.557,0.17785,20,10,0
2012-01-13 10:30:00,3.876,0.1938,20,10,30
2012-01-13 11:00:00,4.86,0.24300000000000002,20,11,0
2012-01-13 11:30:00,4.602,0.23010000000000003,20,11,30
2012-01-13 12:00:00,4.485,0.22425,20,12,0
2012-01-13 12:30:00,7.428,0.3714,20,12,30
2012-01-13 13:00:00,5.087,0.25434999999999997,20,13,0
2012-01-13 13:30:00,3.874,0.1937,20,13,30
2012-01-13 14:00:00,3.719,0.18595,20,14,0
2012-01-13 14:30:00,4.28,0.21400000000000002,20,14,30
2012-01-13 15:00:00,5.3,0.265,20,15,0
2012-01-13 15:30:00,5.433,0.27165,20,15,30
2012-01-13 16:00:00,5.8719999,0.293599995,20,16,0
2012-01-13 16:30:00,3.392,0.1696,20,16,30
2012-01-13 17:00:00,3.996,0.1998,20,17,0
2012-01-13 17:30:00,6.317,0.31585,20,17,30
2012-01-13 18:00:00,5.961000100000001,0.298050005,20,18,0
2012-01-13 18:30:00,5.4,0.27,20,18,30
2012-01-13 19:00:00,6.7700001,0.338500005,20,19,0
2012-01-13 19:30:00,6.658000100000001,0.33290000500000005,20,19,30
2012-01-13 20:00:00,6.5400001,0.32700000500000004,20,20,0
2012-01-13 20:30:00,6.5240001,0.326200005,20,20,30
2012-01-13 21:00:00,6.292,0.3146,20,21,0
2012-01-13 21:30:00,6.153,0.30765,20,21,30
2012-01-13 22:00:00,6.037,0.30185,20,22,0
2012-01-13 22:30:00,5.431,0.27155,20,22,30
2012-01-13 23:00:00,4.678,0.2339,20,23,0
2012-01-13 23:30:00,4.473,0.22365,20,23,30
2012-01-14 00:00:00,3.462,0.1731,20,0,0
2012-01-14 00:30:00,10.4370002,0.52185001,20,0,30
2012-01-14 01:00:00,9.6039998,0.48019999,20,1,0
2012-01-14 01:30:00,8.930999799999999,0.44654998999999995,20,1,30
2012-01-14 02:00:00,7.833,0.39165,20,2,0
2012-01-14 02:30:00,7.6480001,0.382400005,20,2,30
2012-01-14 03:00:00,7.0460001000000005,0.352300005,20,3,0
2012-01-14 03:30:00,7.47,0.3735,20,3,30
2012-01-14 04:00:00,5.681,0.28405,20,4,0
2012-01-14 04:30:00,5.792000000000001,0.2896,20,4,30
2012-01-14 05:00:00,5.038,0.2519,20,5,0
2012-01-14 05:30:00,4.534,0.22669999999999998,20,5,30
2012-01-14 06:00:00,3.617,0.18085,20,6,0
2012-01-14 06:30:00,4.335,0.21675,20,6,30
2012-01-14 07:00:00,4.4239999999999995,0.22119999999999998,20,7,0
2012-01-14 07:30:00,2.764,0.1382,20,7,30
2012-01-14 08:00:00,2.992,0.1496,20,8,0
2012-01-14 08:30:00,3.854,0.1927,20,8,30
2012-01-14 09:00:00,4.996,0.24980000000000002,20,9,0
2012-01-14 09:30:00,3.862,0.1931,20,9,30
2012-01-14 10:00:00,3.887,0.19435,20,10,0
2012-01-14 10:30:00,4.134,0.20670000000000002,20,10,30
2012-01-14 11:00:00,5.73,0.28650000000000003,20,11,0
2012-01-14 11:30:00,5.486,0.2743,20,11,30
2012-01-14 12:00:00,9.059000000000001,0.4529500000000001,20,12,0
2012-01-14 12:30:00,5.67,0.2835,20,12,30
2012-01-14 13:00:00,6.0600000000000005,0.30300000000000005,20,13,0
2012-01-14 13:30:00,6.601,0.33005,20,13,30
2012-01-14 14:00:00,7.314,0.3657,20,14,0
2012-01-14 14:30:00,5.803,0.29015,20,14,30
2012-01-14 15:00:00,6.2010000000000005,0.31005000000000005,20,15,0
2012-01-14 15:30:00,5.585,0.27925,20,15,30
2012-01-14 16:00:00,4.78,0.23900000000000002,20,16,0
2012-01-14 16:30:00,4.103,0.20515,20,16,30
2012-01-14 17:00:00,5.657,0.28285,20,17,0
2012-01-14 17:30:00,7.9860001,0.399300005,20,17,30
2012-01-14 18:00:00,5.459,0.27294999999999997,20,18,0
2012-01-14 18:30:00,3.895,0.19475,20,18,30
2012-01-14 19:00:00,4.677,0.23384999999999997,20,19,0
2012-01-14 19:30:00,6.747,0.33735,20,19,30
2012-01-14 20:00:00,4.864,0.2432,20,20,0
2012-01-14 20:30:00,5.126,0.25630000000000003,20,20,30
2012-01-14 21:00:00,7.3490001,0.36745000499999997,20,21,0
2012-01-14 21:30:00,6.9869999,0.34934999499999997,20,21,30
2012-01-14 22:00:00,6.0680001,0.303400005,20,22,0
2012-01-14 22:30:00,5.842,0.29209999999999997,20,22,30
2012-01-14 23:00:00,5.362,0.2681,20,23,0
2012-01-14 23:30:00,4.381,0.21905000000000002,20,23,30
2012-01-15 00:00:00,7.4239999999999995,0.1856,40,0,0
2012-01-15 00:30:00,11.2110001,0.560550005,20,0,30
2012-01-15 01:00:00,10.067000199999999,0.5033500099999999,20,1,0
2012-01-15 01:30:00,9.0399999,0.451999995,20,1,30
2012-01-15 02:00:00,8.0629999,0.403149995,20,2,0
2012-01-15 02:30:00,7.4160001,0.370800005,20,2,30
2012-01-15 03:00:00,7.0189999,0.350949995,20,3,0
2012-01-15 03:30:00,6.610000100000001,0.33050000500000004,20,3,30
2012-01-15 04:00:00,6.8060001,0.340300005,20,4,0
2012-01-15 04:30:00,4.846,0.24230000000000002,20,4,30
2012-01-15 05:00:00,5.915,0.29575,20,5,0
2012-01-15 05:30:00,4.3690001,0.218450005,20,5,30
2012-01-15 06:00:00,3.7899999,0.189499995,20,6,0
2012-01-15 06:30:00,4.3450001,0.217250005,20,6,30
2012-01-15 07:00:00,4.304,0.2152,20,7,0
2012-01-15 07:30:00,2.299,0.11495,20,7,30
2012-01-15 08:00:00,2.757,0.13785,20,8,0
2012-01-15 08:30:00,3.103,0.15515,20,8,30
2012-01-15 09:00:00,5.109,0.25545,20,9,0
2012-01-15 09:30:00,3.695,0.18475,20,9,30
2012-01-15 10:00:00,3.667,0.18334999999999999,20,10,0
2012-01-15 10:30:00,4.234,0.2117,20,10,30
2012-01-15 11:00:00,5.567,0.27835,20,11,0
2012-01-15 11:30:00,5.963,0.29815,20,11,30
2012-01-15 12:00:00,7.146999999999999,0.35734999999999995,20,12,0
2012-01-15 12:30:00,5.4799999999999995,0.27399999999999997,20,12,30
2012-01-15 13:00:00,5.0440000000000005,0.25220000000000004,20,13,0
2012-01-15 13:30:00,4.627,0.23135,20,13,30
2012-01-15 14:00:00,5.013,0.25065,20,14,0
2012-01-15 14:30:00,8.1870001,0.409350005,20,14,30
2012-01-15 15:00:00,5.922,0.2961,20,15,0
2012-01-15 15:30:00,4.8149999999999995,0.24074999999999996,20,15,30
2012-01-15 16:00:00,4.75,0.2375,20,16,0
2012-01-15 16:30:00,4.9669999,0.24834999500000002,20,16,30
2012-01-15 17:00:00,4.221,0.21105000000000002,20,17,0
2012-01-15 17:30:00,5.143,0.25715,20,17,30
2012-01-15 18:00:00,5.632,0.28159999999999996,20,18,0
2012-01-15 18:30:00,5.946,0.2973,20,18,30
2012-01-15 19:00:00,6.654,0.3327,20,19,0
2012-01-15 19:30:00,9.3080002,0.46540001000000003,20,19,30
2012-01-15 20:00:00,7.2380001,0.36190000499999997,20,20,0
2012-01-15 20:30:00,6.537,0.32685,20,20,30
2012-01-15 21:00:00,6.075,0.30375,20,21,0
2012-01-15 21:30:00,5.752,0.28759999999999997,20,21,30
2012-01-15 22:00:00,6.02,0.301,20,22,0
2012-01-15 22:30:00,4.327,0.21635,20,22,30
2012-01-15 23:00:00,4.131,0.20655,20,23,0
2012-01-15 23:30:00,3.929,0.19644999999999999,20,23,30
2012-01-16 00:00:00,3.165,0.15825,20,0,0
2012-01-16 00:30:00,12.303999899999999,0.615199995,20,0,30
2012-01-16 01:00:00,10.9440001,0.547200005,20,1,0
2012-01-16 01:30:00,8.918,0.44589999999999996,20,1,30
2012-01-16 02:00:00,8.847999900000001,0.44239999500000005,20,2,0
2012-01-16 02:30:00,8.2509999,0.412549995,20,2,30
2012-01-16 03:00:00,8.763000100000001,0.43815000500000006,20,3,0
2012-01-16 03:30:00,8.3049999,0.41524999500000004,20,3,30
2012-01-16 04:00:00,6.8220000999999995,0.341100005,20,4,0
2012-01-16 04:30:00,6.0460001000000005,0.30230000500000004,20,4,30
2012-01-16 05:00:00,4.7670001,0.23835000499999998,20,5,0
2012-01-16 05:30:00,3.987,0.19935,20,5,30
2012-01-16 06:00:00,4.777,0.23885,20,6,0
2012-01-16 06:30:00,5.141,0.25705,20,6,30
2012-01-16 07:00:00,5.414,0.2707,20,7,0
2012-01-16 07:30:00,3.438,0.1719,20,7,30
2012-01-16 08:00:00,7.6549999,0.382749995,20,8,0
2012-01-16 08:30:00,5.527,0.27635,20,8,30
2012-01-16 09:00:00,6.081,0.30405000000000004,20,9,0
2012-01-16 09:30:00,6.4560001,0.322800005,20,9,30
2012-01-16 10:00:00,6.219,0.31095,20,10,0
2012-01-16 10:30:00,5.5279999,0.276399995,20,10,30
2012-01-16 11:00:00,4.906,0.2453,20,11,0
2012-01-16 11:30:00,6.038,0.3019,20,11,30
2012-01-16 12:00:00,5.2600001,0.263000005,20,12,0
2012-01-16 12:30:00,5.1570001,0.257850005,20,12,30
2012-01-16 13:00:00,6.837,0.34185,20,13,0
2012-01-16 13:30:00,6.1690000000000005,0.30845,20,13,30
2012-01-16 14:00:00,5.7940000000000005,0.2897,20,14,0
2012-01-16 14:30:00,5.019,0.25095,20,14,30
2012-01-16 15:00:00,5.4309999,0.271549995,20,15,0
2012-01-16 15:30:00,6.6109998999999995,0.330549995,20,15,30
2012-01-16 16:00:00,6.627,0.33135,20,16,0
2012-01-16 16:30:00,5.182,0.2591,20,16,30
2012-01-16 17:00:00,6.506,0.32530000000000003,20,17,0
2012-01-16 17:30:00,5.6530000000000005,0.28265,20,17,30
2012-01-16 18:00:00,5.219,0.26095,20,18,0
2012-01-16 18:30:00,7.377,0.36885,20,18,30
2012-01-16 19:00:00,5.59,0.27949999999999997,20,19,0
2012-01-16 19:30:00,5.598,0.2799,20,19,30
2012-01-16 20:00:00,5.761,0.28805000000000003,20,20,0
2012-01-16 20:30:00,5.354,0.2677,20,20,30
2012-01-16 21:00:00,5.096,0.2548,20,21,0
2012-01-16 21:30:00,4.751,0.23755,20,21,30
2012-01-16 22:00:00,4.709,0.23545,20,22,0
2012-01-16 22:30:00,5.248,0.2624,20,22,30
2012-01-16 23:00:00,5.723,0.28615,20,23,0
2012-01-16 23:30:00,5.255999999999999,0.2628,20,23,30
2012-01-17 00:00:00,4.385,0.21925,20,0,0
2012-01-17 00:30:00,11.833,0.59165,20,0,30
2012-01-17 01:00:00,11.6790001,0.5839500049999999,20,1,0
2012-01-17 01:30:00,9.941999899999999,0.49709999499999996,20,1,30
2012-01-17 02:00:00,10.1579997,0.507899985,20,2,0
2012-01-17 02:30:00,9.751000000000001,0.48755000000000004,20,2,30
2012-01-17 03:00:00,9.5110002,0.47555000999999997,20,3,0
2012-01-17 03:30:00,8.1490001,0.407450005,20,3,30
2012-01-17 04:00:00,6.0569999,0.302849995,20,4,0
2012-01-17 04:30:00,5.761,0.28805000000000003,20,4,30
